subscription_id,user_id,event_type,plan,mrr,event_date
sub_89163380,user_00001,created,pro,49,2025-01-05
sub_98036033,user_00002,created,pro,49,2025-09-20
sub_2284070,user_00003,created,free,0,2025-01-19
sub_78294709,user_00004,created,pro,49,2025-09-30
sub_36453156,user_00005,created,pro,49,2025-01-03
sub_40948608,user_00005,upgraded,enterprise,149,2025-09-17
sub_99577181,user_00006,created,enterprise,149,2025-02-11
sub_59871522,user_00007,created,enterprise,149,2025-03-11
sub_63680989,user_00008,created,free,0,2025-03-15
sub_24198721,user_00009,created,free,0,2025-05-17
sub_50442729,user_00010,created,free,0,2025-12-03
sub_82815569,user_00011,created,free,0,2025-03-10
sub_3033850,user_00012,created,free,0,2025-02-17
sub_27950053,user_00013,created,pro,49,2025-05-30
sub_90516830,user_00014,created,free,0,2025-01-13
sub_24512392,user_00015,created,pro,49,2025-05-05
sub_56460869,user_00015,cancelled,pro,0,2025-12-25
sub_86107758,user_00016,created,free,0,2025-07-29
sub_83954520,user_00017,created,pro,49,2025-01-27
sub_47395265,user_00018,created,pro,49,2025-02-01
sub_42386800,user_00019,created,enterprise,149,2025-04-26
sub_12666580,user_00020,created,pro,49,2025-01-23
sub_30151918,user_00020,cancelled,pro,0,2025-06-17
sub_17522122,user_00021,created,pro,49,2025-01-31
sub_63125920,user_00021,upgraded,enterprise,149,2025-09-27
sub_54891734,user_00022,created,enterprise,149,2025-01-21
sub_10590155,user_00023,created,free,0,2025-05-29
sub_87448980,user_00024,created,enterprise,149,2025-01-22
sub_62494282,user_00025,created,enterprise,149,2025-04-21
sub_80890057,user_00026,created,pro,49,2025-07-26
sub_40279806,user_00027,created,free,0,2025-04-28
sub_96663620,user_00028,created,enterprise,149,2025-06-04
sub_74784959,user_00029,created,free,0,2025-02-13
sub_3235511,user_00031,created,free,0,2025-11-30
sub_90882479,user_00032,created,pro,49,2025-01-26
sub_17976656,user_00032,upgraded,enterprise,149,2025-04-27
sub_36285546,user_00033,created,free,0,2025-03-15
sub_46297922,user_00034,created,free,0,2025-05-22
sub_92884277,user_00035,created,enterprise,149,2025-11-07
sub_48196283,user_00036,created,free,0,2025-01-28
sub_78429608,user_00037,created,free,0,2025-01-30
sub_72484270,user_00038,created,pro,49,2025-12-26
sub_47077616,user_00039,created,enterprise,149,2025-02-11
sub_15025239,user_00039,downgraded,pro,49,2025-04-01
sub_51306730,user_00040,created,free,0,2025-03-17
sub_4973489,user_00041,created,enterprise,149,2025-05-22
sub_17637986,user_00042,created,pro,49,2025-01-12
sub_14196034,user_00042,upgraded,enterprise,149,2025-11-27
sub_14267429,user_00043,created,pro,49,2025-04-03
sub_77171497,user_00043,cancelled,pro,0,2025-09-24
sub_89578903,user_00044,created,pro,49,2025-01-27
sub_14823020,user_00045,created,free,0,2025-08-10
sub_42905265,user_00046,created,pro,49,2025-04-24
sub_72078150,user_00046,downgraded,free,0,2025-12-21
sub_78039848,user_00047,created,free,0,2025-03-03
sub_12202914,user_00048,created,enterprise,149,2025-05-26
sub_22914929,user_00049,created,pro,49,2025-02-11
sub_57695778,user_00050,created,free,0,2025-05-24
sub_72543688,user_00051,created,pro,49,2025-05-07
sub_54304950,user_00052,created,pro,49,2025-01-21
sub_94370993,user_00052,upgraded,enterprise,149,2025-12-05
sub_38323962,user_00053,created,free,0,2025-05-20
sub_98315402,user_00054,created,free,0,2025-01-10
sub_81423225,user_00054,upgraded,pro,49,2025-05-18
sub_71921995,user_00055,created,free,0,2025-05-30
sub_55515657,user_00056,created,pro,49,2025-03-25
sub_34265686,user_00056,upgraded,enterprise,149,2025-09-21
sub_64286197,user_00057,created,pro,49,2025-03-13
sub_74625405,user_00058,created,enterprise,149,2025-03-12
sub_57439802,user_00059,created,free,0,2025-05-10
sub_68946993,user_00060,created,enterprise,149,2025-04-02
sub_90525094,user_00060,downgraded,pro,49,2025-09-08
sub_56546065,user_00061,created,pro,49,2025-03-06
sub_17032459,user_00062,created,free,0,2025-05-17
sub_28708354,user_00063,created,free,0,2025-03-31
sub_62224542,user_00064,created,free,0,2025-03-19
sub_50918068,user_00065,created,pro,49,2025-03-19
sub_7890314,user_00065,cancelled,pro,0,2025-07-07
sub_1298102,user_00066,created,free,0,2025-04-12
sub_67135692,user_00067,created,pro,49,2025-03-09
sub_70533952,user_00068,created,free,0,2025-04-22
sub_36136013,user_00069,created,pro,49,2025-04-15
sub_41870770,user_00070,created,enterprise,149,2025-05-09
sub_61228317,user_00071,created,free,0,2025-05-10
sub_34737951,user_00072,created,enterprise,149,2025-05-10
sub_3172317,user_00073,created,free,0,2025-01-01
sub_68608323,user_00074,created,pro,49,2025-03-27
sub_30966885,user_00075,created,pro,49,2025-05-09
sub_58830582,user_00076,created,enterprise,149,2025-02-13
sub_88227915,user_00076,downgraded,pro,49,2025-07-23
sub_74825073,user_00077,created,pro,49,2025-04-03
sub_11887765,user_00077,downgraded,free,0,2025-06-21
sub_75773305,user_00078,created,free,0,2025-08-12
sub_14701600,user_00079,created,pro,49,2025-05-08
sub_76757382,user_00080,created,pro,49,2025-05-16
sub_4365968,user_00081,created,pro,49,2025-02-17
sub_65860061,user_00082,created,free,0,2025-12-13
sub_39134657,user_00083,created,enterprise,149,2025-10-16
sub_83176232,user_00084,created,pro,49,2025-04-18
sub_76135513,user_00085,created,free,0,2025-05-19
sub_17532794,user_00086,created,free,0,2025-02-01
sub_11509711,user_00087,created,free,0,2025-01-25
sub_58677738,user_00087,upgraded,pro,49,2025-07-22
sub_40369409,user_00088,created,enterprise,149,2025-02-10
sub_5853516,user_00089,created,pro,49,2025-10-25
sub_6758118,user_00090,created,enterprise,149,2025-03-17
sub_54178854,user_00090,downgraded,pro,49,2025-08-02
sub_76675984,user_00091,created,free,0,2025-02-22
sub_98915385,user_00092,created,pro,49,2025-03-20
sub_97455443,user_00093,created,pro,49,2025-08-18
sub_71012790,user_00094,created,free,0,2025-03-31
sub_27058295,user_00094,upgraded,pro,49,2025-09-16
sub_52752683,user_00095,created,free,0,2025-03-05
sub_81594909,user_00096,created,pro,49,2025-01-16
sub_98027562,user_00097,created,free,0,2025-05-07
sub_83930001,user_00098,created,free,0,2025-08-30
sub_17160749,user_00099,created,pro,49,2025-02-12
sub_26491961,user_00100,created,pro,49,2025-05-26
sub_43759724,user_00100,downgraded,free,0,2025-07-17
sub_30931982,user_00101,created,pro,49,2025-03-02
sub_37393393,user_00102,created,enterprise,149,2025-05-15
sub_72522192,user_00103,created,enterprise,149,2025-08-22
sub_36106651,user_00104,created,pro,49,2025-01-14
sub_68432453,user_00104,cancelled,pro,0,2025-03-10
sub_58659357,user_00105,created,free,0,2025-02-10
sub_36295026,user_00106,created,pro,49,2025-05-23
sub_60270117,user_00107,created,pro,49,2025-05-22
sub_5244248,user_00108,created,free,0,2025-03-29
sub_67668509,user_00109,created,enterprise,149,2025-04-06
sub_21168865,user_00110,created,free,0,2025-02-20
sub_15739492,user_00111,created,free,0,2025-02-07
sub_30064964,user_00112,created,pro,49,2025-05-06
sub_77052284,user_00113,created,pro,49,2025-03-20
sub_70837978,user_00114,created,free,0,2025-04-14
sub_55058585,user_00115,created,free,0,2025-02-18
sub_42756551,user_00116,created,pro,49,2025-10-24
sub_36818748,user_00117,created,enterprise,149,2025-04-25
sub_57940915,user_00118,created,free,0,2025-03-12
sub_25164704,user_00118,upgraded,pro,49,2025-11-04
sub_19868814,user_00119,created,pro,49,2025-01-11
sub_95887278,user_00119,upgraded,enterprise,149,2025-08-23
sub_1305716,user_00120,created,free,0,2025-08-11
sub_22571736,user_00120,upgraded,pro,49,2025-12-28
sub_8847372,user_00121,created,free,0,2025-01-10
sub_22347212,user_00122,created,pro,49,2025-01-15
sub_26749842,user_00123,created,free,0,2025-04-28
sub_99788238,user_00124,created,free,0,2025-05-01
sub_97556533,user_00125,created,enterprise,149,2025-04-25
sub_65990558,user_00127,created,free,0,2025-01-31
sub_92116207,user_00128,created,pro,49,2025-05-14
sub_99662519,user_00129,created,pro,49,2025-02-24
sub_19915816,user_00130,created,pro,49,2025-11-02
sub_1952172,user_00131,created,free,0,2025-05-06
sub_48221693,user_00132,created,pro,49,2025-03-01
sub_44137966,user_00133,created,pro,49,2025-03-01
sub_199996,user_00133,upgraded,enterprise,149,2025-05-17
sub_27935718,user_00135,created,enterprise,149,2025-02-14
sub_29233159,user_00136,created,pro,49,2025-03-10
sub_265528,user_00137,created,pro,49,2025-06-19
sub_8181846,user_00138,created,free,0,2025-03-06
sub_2767728,user_00139,created,free,0,2025-04-07
sub_2439233,user_00140,created,free,0,2025-03-03
sub_73624294,user_00140,upgraded,pro,49,2025-06-10
sub_69658618,user_00140,upgraded,enterprise,149,2025-08-28
sub_50587113,user_00141,created,pro,49,2025-04-16
sub_33375495,user_00142,created,pro,49,2025-04-07
sub_39150077,user_00143,created,free,0,2025-02-25
sub_99828022,user_00144,created,pro,49,2025-08-25
sub_95874039,user_00145,created,free,0,2025-01-19
sub_54130831,user_00146,created,pro,49,2025-01-30
sub_60859288,user_00146,upgraded,enterprise,149,2025-04-15
sub_32114637,user_00146,downgraded,pro,49,2025-09-26
sub_79690930,user_00147,created,enterprise,149,2025-04-04
sub_14929023,user_00148,created,pro,49,2025-04-27
sub_82166272,user_00149,created,free,0,2025-11-28
sub_648171,user_00150,created,pro,49,2025-11-22
sub_450795,user_00151,created,free,0,2025-03-09
sub_69277550,user_00152,created,free,0,2025-09-28
sub_69939821,user_00153,created,pro,49,2025-05-25
sub_76737279,user_00153,upgraded,enterprise,149,2025-08-09
sub_76252866,user_00154,created,free,0,2025-01-08
sub_12077084,user_00155,created,free,0,2025-03-30
sub_16283037,user_00155,upgraded,pro,49,2025-12-02
sub_33839318,user_00156,created,free,0,2025-02-21
sub_15986801,user_00157,created,pro,49,2025-11-30
sub_54518407,user_00158,created,pro,49,2025-02-15
sub_355692,user_00159,created,pro,49,2025-01-20
sub_3106154,user_00160,created,free,0,2025-01-06
sub_77798642,user_00160,upgraded,pro,49,2025-05-09
sub_12394373,user_00161,created,free,0,2025-01-29
sub_51604447,user_00162,created,pro,49,2025-01-16
sub_76197740,user_00163,created,free,0,2025-04-24
sub_99506677,user_00164,created,enterprise,149,2025-01-02
sub_84258614,user_00165,created,enterprise,149,2025-03-09
sub_20437080,user_00166,created,free,0,2025-02-28
sub_31554178,user_00167,created,free,0,2025-04-22
sub_18637972,user_00168,created,free,0,2025-09-13
sub_92007726,user_00169,created,pro,49,2025-10-17
sub_66366924,user_00170,created,pro,49,2025-02-06
sub_27050445,user_00171,created,free,0,2025-03-27
sub_61303454,user_00172,created,pro,49,2025-05-07
sub_99611640,user_00173,created,enterprise,149,2025-12-07
sub_78110995,user_00174,created,enterprise,149,2025-07-07
sub_90362638,user_00175,created,free,0,2025-01-15
sub_71394776,user_00176,created,free,0,2025-03-18
sub_77466401,user_00177,created,free,0,2025-05-11
sub_97543497,user_00178,created,free,0,2025-04-02
sub_61717488,user_00179,created,enterprise,149,2025-05-04
sub_99322814,user_00180,created,free,0,2025-01-08
sub_96148327,user_00180,upgraded,pro,49,2025-04-15
sub_82916480,user_00181,created,free,0,2025-04-15
sub_6003481,user_00182,created,free,0,2025-05-22
sub_52103937,user_00183,created,free,0,2025-02-24
sub_1195394,user_00183,upgraded,pro,49,2025-04-30
sub_72716080,user_00184,created,enterprise,149,2025-02-15
sub_98389011,user_00184,downgraded,pro,49,2025-07-22
sub_45209685,user_00185,created,free,0,2025-02-23
sub_40292372,user_00185,upgraded,pro,49,2025-09-26
sub_72924070,user_00186,created,pro,49,2025-05-05
sub_11032763,user_00187,created,pro,49,2025-01-25
sub_73499395,user_00187,downgraded,free,0,2025-07-23
sub_57077082,user_00188,created,free,0,2025-02-15
sub_64428388,user_00189,created,enterprise,149,2025-01-29
sub_34629948,user_00190,created,free,0,2025-01-06
sub_52144644,user_00191,created,free,0,2025-02-21
sub_32875807,user_00192,created,free,0,2025-07-04
sub_5453328,user_00193,created,enterprise,149,2025-02-13
sub_6799765,user_00194,created,free,0,2025-01-07
sub_3094747,user_00195,created,pro,49,2025-04-06
sub_80091105,user_00196,created,free,0,2025-01-29
sub_79119532,user_00196,upgraded,pro,49,2025-03-10
sub_69128839,user_00197,created,pro,49,2025-04-27
sub_37222605,user_00198,created,free,0,2025-05-17
sub_91844778,user_00199,created,free,0,2025-06-10
sub_29409531,user_00200,created,free,0,2025-05-02
sub_33425740,user_00201,created,free,0,2025-04-03
sub_58325929,user_00202,created,free,0,2025-05-24
sub_15937106,user_00202,upgraded,pro,49,2025-08-28
sub_12989735,user_00203,created,pro,49,2025-04-20
sub_97041097,user_00203,upgraded,enterprise,149,2025-10-08
sub_32791876,user_00204,created,free,0,2025-10-19
sub_59816708,user_00205,created,pro,49,2025-04-23
sub_11070537,user_00206,created,enterprise,149,2025-05-16
sub_12901181,user_00207,created,enterprise,149,2025-03-25
sub_70248400,user_00208,created,pro,49,2025-02-23
sub_11430379,user_00208,cancelled,pro,0,2025-12-18
sub_42726974,user_00209,created,pro,49,2025-01-28
sub_12410699,user_00210,created,free,0,2025-01-12
sub_88872644,user_00210,upgraded,pro,49,2025-11-07
sub_81084829,user_00211,created,free,0,2025-01-31
sub_74530562,user_00212,created,free,0,2025-03-02
sub_86672678,user_00213,created,pro,49,2025-03-24
sub_49577347,user_00214,created,free,0,2025-04-10
sub_93187755,user_00215,created,pro,49,2025-04-26
sub_34780900,user_00216,created,free,0,2025-04-27
sub_44255086,user_00216,upgraded,pro,49,2025-10-04
sub_67276435,user_00217,created,free,0,2025-10-24
sub_18994710,user_00218,created,free,0,2025-03-25
sub_76951198,user_00219,created,enterprise,149,2025-05-10
sub_41479441,user_00220,created,enterprise,149,2025-03-31
sub_20143561,user_00221,created,pro,49,2025-05-18
sub_2438885,user_00221,downgraded,free,0,2025-09-30
sub_25382259,user_00222,created,free,0,2025-03-05
sub_85352002,user_00223,created,free,0,2025-01-21
sub_34866307,user_00224,created,pro,49,2025-03-02
sub_89218645,user_00225,created,free,0,2025-05-03
sub_1615752,user_00226,created,pro,49,2025-11-15
sub_9182316,user_00227,created,free,0,2025-02-08
sub_48723563,user_00227,upgraded,pro,49,2025-06-01
sub_27307038,user_00228,created,pro,49,2025-09-01
sub_43478750,user_00228,downgraded,free,0,2025-11-15
sub_32101325,user_00229,created,free,0,2025-09-01
sub_37276838,user_00230,created,pro,49,2025-02-28
sub_55414868,user_00231,created,free,0,2025-03-29
sub_55179030,user_00232,created,pro,49,2025-01-18
sub_4022683,user_00233,created,pro,49,2025-04-22
sub_59925222,user_00233,downgraded,free,0,2025-08-08
sub_43171352,user_00234,created,pro,49,2025-01-13
sub_50339944,user_00235,created,free,0,2025-05-18
sub_77142195,user_00236,created,free,0,2025-02-24
sub_81498287,user_00237,created,free,0,2025-09-09
sub_80158913,user_00238,created,enterprise,149,2025-05-21
sub_33605818,user_00239,created,enterprise,149,2025-01-28
sub_38035096,user_00240,created,free,0,2025-01-17
sub_78115343,user_00240,upgraded,pro,49,2025-08-18
sub_94496479,user_00241,created,enterprise,149,2025-05-24
sub_36686837,user_00242,created,free,0,2025-03-01
sub_54280598,user_00243,created,free,0,2025-01-27
sub_57974332,user_00243,upgraded,pro,49,2025-11-24
sub_59272797,user_00244,created,pro,49,2025-05-29
sub_19900441,user_00245,created,pro,49,2025-05-15
sub_96115199,user_00246,created,pro,49,2025-05-12
sub_7203266,user_00247,created,free,0,2025-11-01
sub_12816522,user_00248,created,free,0,2025-03-17
sub_7859815,user_00248,upgraded,pro,49,2025-12-29
sub_73891751,user_00249,created,pro,49,2025-07-15
sub_18515091,user_00250,created,pro,49,2025-01-21
sub_35835671,user_00250,cancelled,pro,0,2025-09-03
sub_86431172,user_00251,created,enterprise,149,2025-07-20
sub_96773362,user_00252,created,free,0,2025-04-10
sub_2151775,user_00253,created,free,0,2025-12-10
sub_18693730,user_00254,created,free,0,2025-03-14
sub_94803345,user_00255,created,enterprise,149,2025-01-20
sub_72353403,user_00256,created,pro,49,2025-04-02
sub_12294633,user_00256,downgraded,free,0,2025-12-22
sub_92438209,user_00257,created,free,0,2025-01-16
sub_68047801,user_00258,created,free,0,2025-02-25
sub_20428950,user_00258,upgraded,pro,49,2025-06-03
sub_18491548,user_00259,created,pro,49,2025-05-01
sub_87592940,user_00260,created,free,0,2025-04-22
sub_29862398,user_00261,created,free,0,2025-03-10
sub_68899184,user_00262,created,free,0,2025-03-12
sub_59960207,user_00262,upgraded,pro,49,2025-09-13
sub_80055976,user_00263,created,enterprise,149,2025-03-17
sub_38787039,user_00263,cancelled,enterprise,0,2025-09-25
sub_151477,user_00264,created,free,0,2025-05-14
sub_20037607,user_00265,created,pro,49,2025-03-10
sub_52490143,user_00266,created,free,0,2025-01-27
sub_18889590,user_00267,created,enterprise,149,2025-02-08
sub_4520546,user_00268,created,pro,49,2025-07-30
sub_71253299,user_00268,downgraded,free,0,2025-09-26
sub_46526658,user_00269,created,enterprise,149,2025-01-10
sub_67215850,user_00270,created,enterprise,149,2025-06-19
sub_9398971,user_00271,created,pro,49,2025-07-12
sub_66690193,user_00272,created,free,0,2025-10-10
sub_35175775,user_00273,created,free,0,2025-03-04
sub_92452818,user_00274,created,free,0,2025-05-20
sub_43588773,user_00275,created,pro,49,2025-03-10
sub_18245984,user_00275,downgraded,free,0,2025-11-03
sub_62756047,user_00276,created,free,0,2025-05-04
sub_30521314,user_00277,created,pro,49,2025-09-21
sub_48118532,user_00278,created,free,0,2025-05-06
sub_85519976,user_00279,created,free,0,2025-05-12
sub_25857500,user_00279,upgraded,pro,49,2025-08-06
sub_55242115,user_00279,downgraded,free,0,2025-10-31
sub_41818625,user_00280,created,free,0,2025-08-11
sub_21443889,user_00281,created,enterprise,149,2025-02-18
sub_29832464,user_00281,downgraded,pro,49,2025-08-10
sub_46230062,user_00282,created,free,0,2025-04-20
sub_60993072,user_00282,upgraded,pro,49,2025-10-12
sub_2334965,user_00283,created,pro,49,2025-04-21
sub_1130283,user_00283,upgraded,enterprise,149,2025-08-30
sub_39548494,user_00284,created,pro,49,2025-01-15
sub_11702433,user_00285,created,free,0,2025-05-18
sub_21403749,user_00286,created,pro,49,2025-12-27
sub_83182100,user_00287,created,pro,49,2025-02-09
sub_12710585,user_00288,created,free,0,2025-04-22
sub_75163764,user_00288,upgraded,pro,49,2025-06-09
sub_18721927,user_00289,created,enterprise,149,2025-03-19
sub_74042614,user_00290,created,pro,49,2025-11-16
sub_94116088,user_00291,created,pro,49,2025-05-13
sub_44562374,user_00292,created,free,0,2025-02-20
sub_14385841,user_00293,created,free,0,2025-02-01
sub_73679097,user_00294,created,free,0,2025-04-08
sub_15595477,user_00295,created,pro,49,2025-01-19
sub_92156393,user_00295,upgraded,enterprise,149,2025-11-04
sub_56193324,user_00296,created,pro,49,2025-05-02
sub_9320521,user_00297,created,free,0,2025-01-12
sub_84334607,user_00298,created,pro,49,2025-01-06
sub_23714848,user_00298,cancelled,pro,0,2025-06-24
sub_84764758,user_00299,created,free,0,2025-05-14
sub_43938049,user_00300,created,pro,49,2025-03-22
sub_46432833,user_00301,created,free,0,2025-05-20
sub_75760648,user_00302,created,pro,49,2025-07-19
sub_2402352,user_00304,created,pro,49,2025-12-02
sub_38502327,user_00305,created,free,0,2025-10-08
sub_89329766,user_00306,created,pro,49,2025-03-01
sub_53362652,user_00307,created,pro,49,2025-03-25
sub_15357495,user_00307,cancelled,pro,0,2025-12-11
sub_4255661,user_00308,created,pro,49,2025-05-08
sub_8164767,user_00309,created,free,0,2025-06-17
sub_62364034,user_00310,created,free,0,2025-03-19
sub_80747404,user_00311,created,pro,49,2025-04-08
sub_23205311,user_00312,created,free,0,2025-01-19
sub_29402174,user_00312,upgraded,pro,49,2025-10-05
sub_7433165,user_00313,created,pro,49,2025-03-19
sub_35500881,user_00314,created,pro,49,2025-01-27
sub_57239907,user_00314,downgraded,free,0,2025-04-21
sub_54814320,user_00315,created,free,0,2025-04-11
sub_3158362,user_00316,created,enterprise,149,2025-10-15
sub_7218512,user_00317,created,pro,49,2025-04-27
sub_11442470,user_00318,created,pro,49,2025-03-22
sub_17151257,user_00319,created,pro,49,2025-05-08
sub_75370985,user_00320,created,pro,49,2025-05-03
sub_32521351,user_00320,upgraded,enterprise,149,2025-10-04
sub_70111528,user_00321,created,free,0,2025-05-17
sub_19236657,user_00322,created,pro,49,2025-03-22
sub_61509466,user_00322,upgraded,enterprise,149,2025-06-29
sub_11632103,user_00323,created,pro,49,2025-10-13
sub_3976162,user_00324,created,pro,49,2025-05-09
sub_12043500,user_00325,created,free,0,2025-04-14
sub_97093947,user_00325,upgraded,pro,49,2025-11-01
sub_23592931,user_00326,created,free,0,2025-02-17
sub_26911168,user_00327,created,free,0,2025-10-01
sub_17066088,user_00328,created,free,0,2025-05-21
sub_76208598,user_00329,created,enterprise,149,2025-06-03
sub_98651116,user_00330,created,free,0,2025-05-19
sub_84174205,user_00331,created,free,0,2025-04-15
sub_57339920,user_00332,created,free,0,2025-04-24
sub_9213212,user_00333,created,free,0,2025-01-11
sub_47089952,user_00333,upgraded,pro,49,2025-08-27
sub_12022056,user_00334,created,free,0,2025-01-27
sub_16789758,user_00335,created,pro,49,2025-02-08
sub_3941312,user_00335,cancelled,pro,0,2025-07-05
sub_87894352,user_00336,created,free,0,2025-05-30
sub_35499509,user_00337,created,free,0,2025-03-09
sub_71451022,user_00338,created,enterprise,149,2025-03-14
sub_96009984,user_00338,cancelled,enterprise,0,2025-12-13
sub_50232496,user_00339,created,free,0,2025-04-28
sub_1547308,user_00340,created,pro,49,2025-07-30
sub_66808013,user_00341,created,free,0,2025-01-22
sub_98707547,user_00342,created,pro,49,2025-03-07
sub_57630840,user_00343,created,free,0,2025-07-20
sub_58415071,user_00344,created,free,0,2025-07-05
sub_43634492,user_00345,created,pro,49,2025-03-28
sub_30116895,user_00345,downgraded,free,0,2025-12-03
sub_98047817,user_00346,created,pro,49,2025-03-11
sub_34701832,user_00348,created,free,0,2025-02-12
sub_41883522,user_00349,created,free,0,2025-04-28
sub_51249115,user_00350,created,pro,49,2025-09-22
sub_97362358,user_00351,created,free,0,2025-03-12
sub_6174484,user_00352,created,free,0,2025-01-30
sub_40998348,user_00353,created,free,0,2025-07-09
sub_87924901,user_00354,created,pro,49,2025-03-22
sub_23851074,user_00355,created,pro,49,2025-03-01
sub_19371183,user_00356,created,free,0,2025-08-13
sub_59029762,user_00357,created,enterprise,149,2025-01-12
sub_56232116,user_00358,created,pro,49,2025-02-04
sub_29361875,user_00359,created,free,0,2025-03-15
sub_85095796,user_00360,created,free,0,2025-04-15
sub_40244616,user_00361,created,pro,49,2025-04-26
sub_51381143,user_00362,created,pro,49,2025-04-07
sub_3376007,user_00362,upgraded,enterprise,149,2025-10-28
sub_14370816,user_00363,created,pro,49,2025-10-09
sub_83488692,user_00363,downgraded,free,0,2025-12-31
sub_11826271,user_00364,created,free,0,2025-01-14
sub_44680584,user_00365,created,free,0,2025-01-09
sub_31755622,user_00366,created,free,0,2025-10-29
sub_918529,user_00367,created,enterprise,149,2025-05-11
sub_49117104,user_00368,created,free,0,2025-07-22
sub_67004252,user_00368,upgraded,pro,49,2025-10-30
sub_96526503,user_00369,created,enterprise,149,2025-04-25
sub_99793791,user_00370,created,enterprise,149,2025-03-08
sub_84009764,user_00371,created,free,0,2025-03-21
sub_27508972,user_00372,created,free,0,2025-02-13
sub_98232478,user_00373,created,pro,49,2025-03-22
sub_41490410,user_00374,created,pro,49,2025-03-06
sub_66010706,user_00374,downgraded,free,0,2025-09-26
sub_19985122,user_00375,created,free,0,2025-02-06
sub_34825874,user_00376,created,enterprise,149,2025-03-15
sub_31524851,user_00377,created,free,0,2025-05-10
sub_46938936,user_00377,upgraded,pro,49,2025-11-16
sub_74938356,user_00378,created,pro,49,2025-02-15
sub_56620520,user_00379,created,pro,49,2025-02-16
sub_11150024,user_00380,created,free,0,2025-03-11
sub_65923591,user_00381,created,pro,49,2025-05-21
sub_55006761,user_00381,upgraded,enterprise,149,2025-09-30
sub_71774011,user_00382,created,pro,49,2025-01-09
sub_22693121,user_00382,downgraded,free,0,2025-09-04
sub_21901903,user_00383,created,pro,49,2025-04-24
sub_42661147,user_00384,created,free,0,2025-02-14
sub_13630720,user_00385,created,enterprise,149,2025-04-05
sub_91186040,user_00386,created,free,0,2025-05-17
sub_16940639,user_00387,created,enterprise,149,2025-01-15
sub_61585442,user_00388,created,free,0,2025-05-03
sub_89681400,user_00389,created,free,0,2025-03-14
sub_24598469,user_00389,upgraded,pro,49,2025-07-05
sub_52914143,user_00390,created,free,0,2025-04-18
sub_60809112,user_00391,created,free,0,2025-02-25
sub_509134,user_00392,created,free,0,2025-07-23
sub_68368892,user_00393,created,pro,49,2025-04-14
sub_52611284,user_00393,downgraded,free,0,2025-08-15
sub_56144019,user_00394,created,enterprise,149,2025-02-17
sub_94434569,user_00394,cancelled,enterprise,0,2025-06-10
sub_51999551,user_00395,created,pro,49,2025-05-07
sub_47121480,user_00397,created,pro,49,2025-03-26
sub_93790002,user_00397,upgraded,enterprise,149,2025-12-26
sub_53712506,user_00398,created,free,0,2025-12-23
sub_20487363,user_00399,created,pro,49,2025-01-15
sub_17451259,user_00400,created,free,0,2025-03-03
sub_37052406,user_00401,created,enterprise,149,2025-10-04
sub_10279520,user_00402,created,enterprise,149,2025-04-21
sub_83403051,user_00403,created,free,0,2025-05-24
sub_59314812,user_00404,created,free,0,2025-03-26
sub_54864149,user_00405,created,free,0,2025-05-07
sub_73253030,user_00406,created,enterprise,149,2025-04-18
sub_59323945,user_00407,created,free,0,2025-05-01
sub_68536500,user_00408,created,pro,49,2025-03-15
sub_36180065,user_00408,cancelled,pro,0,2025-09-14
sub_83690835,user_00409,created,free,0,2025-01-18
sub_39386435,user_00410,created,free,0,2025-02-09
sub_63525919,user_00411,created,free,0,2025-04-10
sub_62690620,user_00412,created,pro,49,2025-04-26
sub_10807157,user_00413,created,pro,49,2025-03-17
sub_88904677,user_00414,created,free,0,2025-02-02
sub_21427013,user_00415,created,free,0,2025-02-02
sub_77602153,user_00415,upgraded,pro,49,2025-03-07
sub_8065079,user_00415,downgraded,free,0,2025-10-30
sub_85780153,user_00416,created,free,0,2025-05-21
sub_27876148,user_00417,created,free,0,2025-01-27
sub_48533885,user_00418,created,free,0,2025-05-08
sub_2019270,user_00418,upgraded,pro,49,2025-09-28
sub_4898870,user_00419,created,enterprise,149,2025-04-28
sub_55402520,user_00420,created,enterprise,149,2025-03-19
sub_14610015,user_00421,created,enterprise,149,2025-02-24
sub_68485923,user_00422,created,pro,49,2025-03-19
sub_40709319,user_00422,upgraded,enterprise,149,2025-10-10
sub_67189199,user_00423,created,enterprise,149,2025-06-29
sub_75916943,user_00424,created,enterprise,149,2025-01-27
sub_64877175,user_00425,created,free,0,2025-02-16
sub_40444791,user_00426,created,pro,49,2025-04-27
sub_19538668,user_00427,created,pro,49,2025-03-11
sub_16851582,user_00427,cancelled,pro,0,2025-08-09
sub_31580556,user_00428,created,free,0,2025-03-10
sub_42037932,user_00429,created,enterprise,149,2025-05-09
sub_36490475,user_00430,created,pro,49,2025-02-13
sub_28115244,user_00431,created,pro,49,2025-05-30
sub_41285310,user_00432,created,free,0,2025-02-27
sub_7200455,user_00433,created,pro,49,2025-03-08
sub_41236861,user_00434,created,free,0,2025-01-19
sub_97449882,user_00435,created,free,0,2025-05-19
sub_56274290,user_00436,created,free,0,2025-10-15
sub_99176257,user_00437,created,enterprise,149,2025-03-24
sub_50788484,user_00438,created,free,0,2025-05-08
sub_73508869,user_00439,created,free,0,2025-03-25
sub_20449463,user_00439,upgraded,pro,49,2025-06-13
sub_14826072,user_00439,cancelled,pro,0,2025-08-20
sub_20242166,user_00440,created,pro,49,2025-11-11
sub_11660923,user_00441,created,pro,49,2025-02-08
sub_45134525,user_00442,created,free,0,2025-04-29
sub_85523296,user_00443,created,free,0,2025-08-28
sub_58092604,user_00444,created,free,0,2025-03-02
sub_33927264,user_00445,created,pro,49,2025-01-28
sub_81148205,user_00445,downgraded,free,0,2025-04-20
sub_99086880,user_00445,upgraded,pro,49,2025-07-14
sub_47819136,user_00446,created,free,0,2025-03-24
sub_21961637,user_00447,created,free,0,2025-01-28
sub_47904616,user_00448,created,pro,49,2025-01-04
sub_34464147,user_00448,upgraded,enterprise,149,2025-04-20
sub_77152651,user_00449,created,free,0,2025-04-06
sub_23094514,user_00450,created,pro,49,2025-01-06
sub_2307458,user_00451,created,free,0,2025-04-15
sub_53642721,user_00452,created,pro,49,2025-01-22
sub_88573608,user_00453,created,free,0,2025-05-27
sub_92738595,user_00454,created,pro,49,2025-02-09
sub_37099427,user_00455,created,enterprise,149,2025-03-09
sub_37990986,user_00456,created,free,0,2025-04-03
sub_86277583,user_00457,created,pro,49,2025-01-28
sub_11803296,user_00458,created,pro,49,2025-04-26
sub_16606060,user_00458,cancelled,pro,0,2025-09-14
sub_13566103,user_00459,created,enterprise,149,2025-04-10
sub_90003806,user_00460,created,enterprise,149,2025-04-18
sub_95329141,user_00461,created,enterprise,149,2025-03-04
sub_82202870,user_00462,created,pro,49,2025-02-22
sub_66177073,user_00462,downgraded,free,0,2025-07-02
sub_26248260,user_00463,created,free,0,2025-05-30
sub_73377097,user_00464,created,pro,49,2025-05-08
sub_73877630,user_00464,downgraded,free,0,2025-07-11
sub_10778737,user_00465,created,pro,49,2025-11-06
sub_71295976,user_00466,created,enterprise,149,2025-03-04
sub_19696682,user_00466,cancelled,enterprise,0,2025-12-10
sub_62223246,user_00467,created,pro,49,2025-04-05
sub_33430634,user_00468,created,free,0,2025-03-31
sub_338423,user_00469,created,free,0,2025-03-25
sub_89750066,user_00470,created,free,0,2025-12-07
sub_57584035,user_00471,created,free,0,2025-05-07
sub_31340071,user_00471,upgraded,pro,49,2025-09-08
sub_41167664,user_00472,created,pro,49,2025-01-18
sub_30245603,user_00472,upgraded,enterprise,149,2025-09-13
sub_45280118,user_00473,created,free,0,2025-04-26
sub_90887979,user_00474,created,enterprise,149,2025-01-24
sub_78753507,user_00475,created,free,0,2025-03-16
sub_38587625,user_00476,created,free,0,2025-02-28
sub_67168294,user_00476,upgraded,pro,49,2025-10-29
sub_67469937,user_00477,created,pro,49,2025-01-02
sub_23994116,user_00478,created,pro,49,2025-09-01
sub_97175736,user_00479,created,enterprise,149,2025-02-03
sub_8693668,user_00480,created,free,0,2025-03-25
sub_70898513,user_00481,created,pro,49,2025-02-18
sub_69366029,user_00482,created,pro,49,2025-04-28
sub_37208837,user_00483,created,enterprise,149,2025-11-05
sub_78743726,user_00484,created,pro,49,2025-05-04
sub_56341306,user_00484,upgraded,enterprise,149,2025-07-21
sub_72053491,user_00485,created,free,0,2025-04-21
sub_3113730,user_00486,created,free,0,2025-01-14
sub_54378553,user_00487,created,pro,49,2025-06-04
sub_54378528,user_00487,downgraded,free,0,2025-08-19
sub_34852366,user_00488,created,pro,49,2025-04-15
sub_2454378,user_00488,downgraded,free,0,2025-07-24
sub_46616057,user_00489,created,enterprise,149,2025-04-10
sub_13198915,user_00490,created,pro,49,2025-05-04
sub_13523308,user_00490,downgraded,free,0,2025-10-19
sub_5871005,user_00491,created,free,0,2025-11-25
sub_24393379,user_00492,created,pro,49,2025-04-29
sub_12228312,user_00492,upgraded,enterprise,149,2025-11-25
sub_21608767,user_00493,created,pro,49,2025-01-27
sub_49804167,user_00494,created,free,0,2025-05-20
sub_41741993,user_00495,created,pro,49,2025-02-15
sub_26316515,user_00495,downgraded,free,0,2025-10-28
sub_88115484,user_00496,created,free,0,2025-01-13
sub_37442168,user_00497,created,pro,49,2025-01-11
sub_11040982,user_00497,downgraded,free,0,2025-04-06
sub_97469904,user_00498,created,enterprise,149,2025-01-20
sub_25030010,user_00499,created,free,0,2025-01-03
sub_33169838,user_00500,created,enterprise,149,2025-03-11
sub_3933599,user_00501,created,free,0,2025-02-18
sub_15899950,user_00501,upgraded,pro,49,2025-11-07
sub_95057433,user_00502,created,pro,49,2025-01-24
sub_53881516,user_00503,created,enterprise,149,2025-01-18
sub_6839427,user_00504,created,free,0,2025-05-01
sub_41735721,user_00505,created,pro,49,2025-04-20
sub_82047400,user_00506,created,enterprise,149,2025-04-06
sub_99854523,user_00507,created,free,0,2025-03-21
sub_70852543,user_00507,upgraded,pro,49,2025-06-20
sub_56892740,user_00507,downgraded,free,0,2025-09-19
sub_562544,user_00508,created,free,0,2025-05-08
sub_32174333,user_00508,upgraded,pro,49,2025-06-28
sub_66662088,user_00509,created,free,0,2025-02-16
sub_19096178,user_00510,created,enterprise,149,2025-02-14
sub_13486212,user_00511,created,pro,49,2025-02-02
sub_95768371,user_00511,upgraded,enterprise,149,2025-05-08
sub_97976362,user_00512,created,free,0,2025-01-13
sub_86148994,user_00513,created,enterprise,149,2025-03-03
sub_67811681,user_00513,cancelled,enterprise,0,2025-07-22
sub_51680611,user_00514,created,free,0,2025-02-15
sub_7096276,user_00515,created,free,0,2025-02-01
sub_7845585,user_00516,created,free,0,2025-05-30
sub_27197311,user_00517,created,free,0,2025-02-05
sub_21898382,user_00518,created,free,0,2025-03-05
sub_8386188,user_00519,created,free,0,2025-05-12
sub_93800389,user_00520,created,pro,49,2025-08-04
sub_27064257,user_00521,created,free,0,2025-01-28
sub_14097501,user_00521,upgraded,pro,49,2025-07-23
sub_79815860,user_00522,created,free,0,2025-03-19
sub_59957986,user_00523,created,free,0,2025-01-30
sub_73921592,user_00524,created,enterprise,149,2025-02-05
sub_79487318,user_00525,created,free,0,2025-01-20
sub_83603906,user_00526,created,free,0,2025-05-13
sub_81119963,user_00527,created,enterprise,149,2025-03-28
sub_6643596,user_00528,created,free,0,2025-04-07
sub_10761833,user_00529,created,free,0,2025-01-27
sub_12007848,user_00529,upgraded,pro,49,2025-06-24
sub_37047110,user_00529,upgraded,enterprise,149,2025-08-15
sub_4353181,user_00530,created,pro,49,2025-10-31
sub_1772524,user_00531,created,pro,49,2025-04-20
sub_28166476,user_00532,created,free,0,2025-04-26
sub_39971921,user_00532,upgraded,pro,49,2025-06-06
sub_63732465,user_00533,created,pro,49,2025-05-29
sub_15673469,user_00534,created,free,0,2025-02-16
sub_32306457,user_00535,created,free,0,2025-02-03
sub_14352951,user_00536,created,enterprise,149,2025-05-17
sub_92591287,user_00536,cancelled,enterprise,0,2025-11-06
sub_66623262,user_00537,created,enterprise,149,2025-11-11
sub_13274325,user_00538,created,free,0,2025-01-08
sub_79147389,user_00539,created,free,0,2025-04-03
sub_62630658,user_00540,created,enterprise,149,2025-12-23
sub_87541037,user_00541,created,enterprise,149,2025-05-17
sub_74460758,user_00541,cancelled,enterprise,0,2025-07-05
sub_55692422,user_00542,created,pro,49,2025-05-26
sub_6118607,user_00543,created,free,0,2025-03-04
sub_14087799,user_00544,created,pro,49,2025-02-03
sub_84602930,user_00545,created,pro,49,2025-05-23
sub_52070271,user_00546,created,free,0,2025-08-11
sub_20882678,user_00547,created,free,0,2025-08-26
sub_47617569,user_00548,created,free,0,2025-01-16
sub_91770419,user_00549,created,pro,49,2025-09-18
sub_96004464,user_00550,created,pro,49,2025-02-18
sub_82790730,user_00550,cancelled,pro,0,2025-10-29
sub_6835512,user_00551,created,free,0,2025-01-19
sub_96872791,user_00552,created,free,0,2025-03-15
sub_68092243,user_00553,created,pro,49,2025-08-13
sub_34677903,user_00554,created,free,0,2025-01-07
sub_13223422,user_00555,created,enterprise,149,2025-02-03
sub_78092493,user_00556,created,enterprise,149,2025-04-30
sub_86974990,user_00556,cancelled,enterprise,0,2025-07-27
sub_38238005,user_00557,created,free,0,2025-03-26
sub_85380264,user_00557,upgraded,pro,49,2025-06-06
sub_62633954,user_00558,created,pro,49,2025-06-08
sub_70314452,user_00559,created,free,0,2025-01-10
sub_44111562,user_00560,created,free,0,2025-03-25
sub_48943645,user_00561,created,pro,49,2025-02-03
sub_1265080,user_00562,created,pro,49,2025-03-19
sub_84380849,user_00562,downgraded,free,0,2025-07-11
sub_16170596,user_00563,created,free,0,2025-03-16
sub_10340310,user_00564,created,free,0,2025-02-21
sub_27653284,user_00564,upgraded,pro,49,2025-06-08
sub_58726901,user_00564,downgraded,free,0,2025-08-31
sub_45731485,user_00565,created,pro,49,2025-05-16
sub_29991874,user_00565,cancelled,pro,0,2025-06-17
sub_45324942,user_00566,created,free,0,2025-08-18
sub_71150044,user_00567,created,enterprise,149,2025-09-24
sub_22232961,user_00568,created,free,0,2025-01-16
sub_94780372,user_00569,created,free,0,2025-05-28
sub_16022893,user_00570,created,free,0,2025-03-24
sub_3037859,user_00571,created,free,0,2025-04-11
sub_63424351,user_00572,created,free,0,2025-04-18
sub_22342927,user_00573,created,pro,49,2025-01-05
sub_74908485,user_00574,created,pro,49,2025-04-21
sub_70931992,user_00574,upgraded,enterprise,149,2025-07-04
sub_90730608,user_00575,created,pro,49,2025-12-03
sub_59544431,user_00576,created,pro,49,2025-04-05
sub_70140337,user_00577,created,pro,49,2025-01-28
sub_99948905,user_00577,downgraded,free,0,2025-05-27
sub_464811,user_00578,created,pro,49,2025-05-09
sub_63306993,user_00578,upgraded,enterprise,149,2025-11-16
sub_18468603,user_00579,created,free,0,2025-01-08
sub_62811481,user_00580,created,pro,49,2025-11-30
sub_80362099,user_00581,created,free,0,2025-05-25
sub_7548149,user_00582,created,free,0,2025-01-18
sub_95973577,user_00583,created,free,0,2025-12-03
sub_30426837,user_00584,created,pro,49,2025-05-18
sub_62806952,user_00584,downgraded,free,0,2025-11-22
sub_15025823,user_00585,created,enterprise,149,2025-02-08
sub_55767703,user_00586,created,pro,49,2025-03-11
sub_14198037,user_00586,downgraded,free,0,2025-07-04
sub_57277680,user_00586,upgraded,pro,49,2025-12-02
sub_3689695,user_00587,created,enterprise,149,2025-05-04
sub_74158624,user_00588,created,free,0,2025-03-28
sub_92645050,user_00589,created,pro,49,2025-02-20
sub_68717559,user_00590,created,enterprise,149,2025-02-01
sub_14907320,user_00591,created,pro,49,2025-02-22
sub_82620334,user_00591,cancelled,pro,0,2025-09-09
sub_63079869,user_00592,created,free,0,2025-09-09
sub_20753916,user_00593,created,pro,49,2025-03-01
sub_17418572,user_00593,upgraded,enterprise,149,2025-06-14
sub_27219705,user_00593,cancelled,enterprise,0,2025-09-13
sub_90844746,user_00594,created,free,0,2025-06-28
sub_79956438,user_00595,created,pro,49,2025-01-02
sub_78930579,user_00595,cancelled,pro,0,2025-06-13
sub_85059580,user_00596,created,pro,49,2025-01-21
sub_51566086,user_00597,created,pro,49,2025-04-12
sub_33730822,user_00597,upgraded,enterprise,149,2025-12-13
sub_64575071,user_00598,created,enterprise,149,2025-02-16
sub_65821716,user_00599,created,pro,49,2025-09-12
sub_16188599,user_00600,created,free,0,2025-05-24
sub_71870081,user_00601,created,pro,49,2025-05-04
sub_26570477,user_00602,created,pro,49,2025-11-23
sub_65117698,user_00603,created,free,0,2025-05-24
sub_45479408,user_00604,created,pro,49,2025-02-13
sub_30425150,user_00604,cancelled,pro,0,2025-07-20
sub_5411441,user_00605,created,free,0,2025-04-24
sub_60050178,user_00606,created,pro,49,2025-08-15
sub_56267470,user_00607,created,free,0,2025-05-13
sub_75116051,user_00607,upgraded,pro,49,2025-11-04
sub_14232767,user_00608,created,free,0,2025-02-28
sub_936049,user_00609,created,enterprise,149,2025-12-13
sub_24435837,user_00610,created,pro,49,2025-03-12
sub_38493103,user_00611,created,free,0,2025-01-12
sub_73421108,user_00611,upgraded,pro,49,2025-12-23
sub_2003112,user_00612,created,pro,49,2025-01-31
sub_90427370,user_00613,created,free,0,2025-03-20
sub_97011878,user_00614,created,pro,49,2025-02-08
sub_96142578,user_00615,created,pro,49,2025-01-01
sub_73691032,user_00615,upgraded,enterprise,149,2025-08-06
sub_49168839,user_00616,created,free,0,2025-01-20
sub_47230948,user_00617,created,enterprise,149,2025-04-26
sub_62481316,user_00617,downgraded,pro,49,2025-10-20
sub_67176147,user_00618,created,enterprise,149,2025-05-14
sub_4224882,user_00619,created,enterprise,149,2025-03-06
sub_1977091,user_00620,created,free,0,2025-01-26
sub_22778954,user_00620,upgraded,pro,49,2025-06-25
sub_87420280,user_00621,created,pro,49,2025-05-19
sub_34479616,user_00622,created,free,0,2025-08-31
sub_89809064,user_00623,created,free,0,2025-01-23
sub_39347299,user_00624,created,free,0,2025-01-30
sub_26058996,user_00625,created,pro,49,2025-05-09
sub_18113144,user_00626,created,free,0,2025-04-30
sub_28626933,user_00627,created,pro,49,2025-02-08
sub_53051082,user_00627,upgraded,enterprise,149,2025-11-24
sub_24994420,user_00628,created,pro,49,2025-01-08
sub_21779411,user_00629,created,pro,49,2025-01-03
sub_16313047,user_00629,downgraded,free,0,2025-08-11
sub_52439278,user_00630,created,pro,49,2025-01-18
sub_78528134,user_00631,created,enterprise,149,2025-03-30
sub_5107177,user_00632,created,enterprise,149,2025-02-03
sub_51600243,user_00633,created,free,0,2025-01-23
sub_80861459,user_00633,upgraded,pro,49,2025-05-06
sub_89776851,user_00634,created,free,0,2025-02-03
sub_51328440,user_00635,created,free,0,2025-02-06
sub_74019202,user_00636,created,free,0,2025-03-30
sub_47299880,user_00637,created,free,0,2025-02-02
sub_61188911,user_00638,created,pro,49,2025-04-25
sub_34840452,user_00639,created,free,0,2025-08-26
sub_53473790,user_00640,created,free,0,2025-03-21
sub_89440250,user_00641,created,pro,49,2025-05-12
sub_63372216,user_00642,created,free,0,2025-05-22
sub_2674033,user_00643,created,enterprise,149,2025-08-05
sub_52201776,user_00644,created,enterprise,149,2025-04-02
sub_59389198,user_00645,created,enterprise,149,2025-03-06
sub_91568737,user_00646,created,free,0,2025-03-15
sub_91622267,user_00647,created,free,0,2025-04-22
sub_47849601,user_00647,upgraded,pro,49,2025-10-04
sub_8897725,user_00648,created,pro,49,2025-04-07
sub_58643840,user_00650,created,free,0,2025-08-07
sub_83180597,user_00651,created,free,0,2025-11-14
sub_92622787,user_00652,created,pro,49,2025-05-22
sub_15890596,user_00652,upgraded,enterprise,149,2025-09-23
sub_33005188,user_00653,created,enterprise,149,2025-03-10
sub_77586461,user_00653,downgraded,pro,49,2025-07-06
sub_48946134,user_00653,cancelled,pro,0,2025-08-08
sub_93547267,user_00654,created,enterprise,149,2025-01-18
sub_19063958,user_00655,created,free,0,2025-04-29
sub_12004794,user_00656,created,pro,49,2025-02-07
sub_43198521,user_00656,cancelled,pro,0,2025-09-19
sub_7371064,user_00657,created,pro,49,2025-11-22
sub_98757388,user_00658,created,free,0,2025-04-08
sub_15494104,user_00659,created,enterprise,149,2025-03-26
sub_54569208,user_00660,created,pro,49,2025-02-03
sub_40022624,user_00660,upgraded,enterprise,149,2025-08-16
sub_19487289,user_00660,cancelled,enterprise,0,2025-11-30
sub_52129520,user_00661,created,enterprise,149,2025-04-28
sub_9757579,user_00662,created,enterprise,149,2025-03-08
sub_592144,user_00663,created,enterprise,149,2025-05-16
sub_64470508,user_00664,created,pro,49,2025-12-30
sub_1294689,user_00665,created,pro,49,2025-02-26
sub_29203847,user_00665,downgraded,free,0,2025-06-20
sub_26524771,user_00666,created,free,0,2025-10-23
sub_48852391,user_00667,created,free,0,2025-04-14
sub_6230475,user_00668,created,free,0,2025-01-29
sub_87077473,user_00669,created,enterprise,149,2025-03-04
sub_70153155,user_00670,created,free,0,2025-02-27
sub_34631884,user_00671,created,pro,49,2025-05-12
sub_21010543,user_00672,created,free,0,2025-05-16
sub_37858700,user_00673,created,free,0,2025-05-14
sub_28438227,user_00674,created,enterprise,149,2025-03-28
sub_94330403,user_00674,downgraded,pro,49,2025-11-17
sub_93259597,user_00675,created,free,0,2025-03-17
sub_15100330,user_00676,created,pro,49,2025-10-13
sub_83215364,user_00677,created,free,0,2025-02-21
sub_72235120,user_00678,created,free,0,2025-01-31
sub_29813970,user_00679,created,pro,49,2025-08-31
sub_77562721,user_00680,created,free,0,2025-05-18
sub_18381594,user_00681,created,free,0,2025-03-03
sub_38729652,user_00683,created,pro,49,2025-05-27
sub_72723098,user_00683,upgraded,enterprise,149,2025-09-14
sub_39303639,user_00684,created,free,0,2025-03-09
sub_67563757,user_00684,upgraded,pro,49,2025-06-28
sub_8852788,user_00685,created,free,0,2025-01-23
sub_29580332,user_00686,created,free,0,2025-04-09
sub_3165537,user_00687,created,enterprise,149,2025-01-16
sub_1371557,user_00688,created,pro,49,2025-02-10
sub_40456950,user_00689,created,enterprise,149,2025-05-17
sub_14379674,user_00690,created,free,0,2025-05-20
sub_99131899,user_00691,created,pro,49,2025-02-18
sub_57054128,user_00691,cancelled,pro,0,2025-05-12
sub_80622846,user_00692,created,free,0,2025-05-03
sub_10011871,user_00693,created,free,0,2025-04-14
sub_2076385,user_00694,created,free,0,2025-01-29
sub_42465525,user_00695,created,pro,49,2025-02-24
sub_30686623,user_00696,created,pro,49,2025-01-12
sub_6288197,user_00696,cancelled,pro,0,2025-03-19
sub_19778338,user_00697,created,pro,49,2025-11-26
sub_13547132,user_00698,created,pro,49,2025-01-05
sub_49432517,user_00699,created,free,0,2025-04-26
sub_9565463,user_00700,created,pro,49,2025-12-17
sub_50607732,user_00701,created,pro,49,2025-02-12
sub_63924034,user_00702,created,enterprise,149,2025-04-21
sub_96595848,user_00703,created,free,0,2025-01-14
sub_48953018,user_00704,created,free,0,2025-05-19
sub_95872656,user_00705,created,free,0,2025-02-07
sub_73826394,user_00706,created,pro,49,2025-01-30
sub_52094564,user_00707,created,free,0,2025-03-02
sub_93722345,user_00708,created,pro,49,2025-02-22
sub_39030736,user_00708,cancelled,pro,0,2025-07-26
sub_54261526,user_00709,created,pro,49,2025-03-01
sub_95685849,user_00710,created,enterprise,149,2025-11-30
sub_32892474,user_00711,created,free,0,2025-12-13
sub_31016159,user_00712,created,enterprise,149,2025-03-24
sub_89623431,user_00713,created,free,0,2025-01-29
sub_82472027,user_00713,upgraded,pro,49,2025-09-17
sub_44291158,user_00714,created,pro,49,2025-04-08
sub_31228780,user_00715,created,pro,49,2025-04-30
sub_41588462,user_00716,created,pro,49,2025-04-20
sub_73813122,user_00717,created,pro,49,2025-05-28
sub_12175591,user_00718,created,free,0,2025-05-10
sub_12545653,user_00719,created,free,0,2025-12-09
sub_421479,user_00720,created,pro,49,2025-04-13
sub_43735066,user_00721,created,enterprise,149,2025-05-07
sub_2291899,user_00722,created,pro,49,2025-02-13
sub_15903665,user_00722,cancelled,pro,0,2025-09-18
sub_37062518,user_00723,created,pro,49,2025-12-11
sub_66930209,user_00724,created,pro,49,2025-04-10
sub_56453468,user_00725,created,pro,49,2025-04-27
sub_34839791,user_00726,created,free,0,2025-10-07
sub_20866574,user_00727,created,enterprise,149,2025-05-06
sub_65845066,user_00728,created,free,0,2025-04-26
sub_67855697,user_00729,created,enterprise,149,2025-02-20
sub_78545261,user_00730,created,pro,49,2025-10-10
sub_56973584,user_00731,created,enterprise,149,2025-04-02
sub_16412074,user_00732,created,enterprise,149,2025-04-24
sub_42957363,user_00733,created,free,0,2025-05-14
sub_63412327,user_00734,created,free,0,2025-03-16
sub_33122506,user_00734,upgraded,pro,49,2025-05-12
sub_74062621,user_00735,created,free,0,2025-08-24
sub_45226010,user_00736,created,pro,49,2025-07-26
sub_43077396,user_00737,created,pro,49,2025-04-28
sub_99919729,user_00738,created,pro,49,2025-01-09
sub_14920594,user_00738,upgraded,enterprise,149,2025-05-31
sub_18363097,user_00739,created,free,0,2025-05-29
sub_73284041,user_00740,created,free,0,2025-05-29
sub_10248868,user_00740,upgraded,pro,49,2025-10-17
sub_60269142,user_00741,created,pro,49,2025-01-02
sub_66126295,user_00741,cancelled,pro,0,2025-03-08
sub_44226861,user_00742,created,pro,49,2025-03-14
sub_13217836,user_00742,downgraded,free,0,2025-09-11
sub_17983351,user_00743,created,pro,49,2025-03-24
sub_31435163,user_00744,created,free,0,2025-04-29
sub_79493849,user_00744,upgraded,pro,49,2025-12-25
sub_49944565,user_00745,created,pro,49,2025-04-19
sub_75536023,user_00746,created,pro,49,2025-03-01
sub_66806946,user_00747,created,pro,49,2025-06-23
sub_68006734,user_00748,created,enterprise,149,2025-03-07
sub_13215396,user_00748,downgraded,pro,49,2025-10-13
sub_45817390,user_00749,created,enterprise,149,2025-01-03
sub_48624477,user_00750,created,free,0,2025-02-21
sub_34842564,user_00752,created,free,0,2025-11-15
sub_20772136,user_00753,created,enterprise,149,2025-05-08
sub_50516941,user_00754,created,pro,49,2025-07-18
sub_85831138,user_00755,created,free,0,2025-03-11
sub_6122267,user_00756,created,free,0,2025-10-30
sub_90120036,user_00757,created,pro,49,2025-05-24
sub_80337084,user_00758,created,enterprise,149,2025-08-06
sub_61989770,user_00759,created,pro,49,2025-02-07
sub_21579010,user_00759,downgraded,free,0,2025-05-23
sub_30478530,user_00759,upgraded,pro,49,2025-09-22
sub_98563056,user_00760,created,pro,49,2025-03-21
sub_51452687,user_00761,created,enterprise,149,2025-01-23
sub_2531451,user_00762,created,pro,49,2025-03-15
sub_20603533,user_00762,cancelled,pro,0,2025-08-04
sub_39679565,user_00763,created,enterprise,149,2025-04-24
sub_39288049,user_00764,created,pro,49,2025-05-04
sub_58402385,user_00765,created,pro,49,2025-03-10
sub_99072248,user_00766,created,pro,49,2025-03-19
sub_49635288,user_00767,created,free,0,2025-03-10
sub_37605606,user_00768,created,free,0,2025-02-08
sub_56754167,user_00769,created,enterprise,149,2025-02-18
sub_62085897,user_00770,created,pro,49,2025-01-16
sub_62889571,user_00770,cancelled,pro,0,2025-09-26
sub_18971196,user_00771,created,enterprise,149,2025-07-30
sub_4922900,user_00772,created,enterprise,149,2025-04-22
sub_48063777,user_00773,created,pro,49,2025-05-26
sub_8678230,user_00773,upgraded,enterprise,149,2025-08-10
sub_59262891,user_00774,created,free,0,2025-04-16
sub_13656066,user_00775,created,pro,49,2025-01-24
sub_3666354,user_00776,created,free,0,2025-02-10
sub_61833109,user_00777,created,free,0,2025-02-20
sub_27323267,user_00778,created,free,0,2025-04-30
sub_8206894,user_00779,created,pro,49,2025-05-17
sub_67114266,user_00780,created,free,0,2025-04-21
sub_62256258,user_00781,created,free,0,2025-08-04
sub_16442080,user_00782,created,free,0,2025-10-14
sub_48540351,user_00783,created,pro,49,2025-05-03
sub_51576393,user_00783,cancelled,pro,0,2025-12-03
sub_35376362,user_00784,created,free,0,2025-04-21
sub_87555419,user_00785,created,pro,49,2025-02-19
sub_64516360,user_00786,created,pro,49,2025-03-11
sub_71344592,user_00787,created,enterprise,149,2025-03-10
sub_86062734,user_00788,created,free,0,2025-04-21
sub_30853990,user_00789,created,pro,49,2025-02-25
sub_64579455,user_00790,created,pro,49,2025-04-29
sub_89198346,user_00791,created,free,0,2025-03-02
sub_96993796,user_00792,created,pro,49,2025-03-28
sub_8214317,user_00793,created,enterprise,149,2025-02-05
sub_29059887,user_00794,created,pro,49,2025-09-30
sub_13113424,user_00795,created,enterprise,149,2025-01-13
sub_65320544,user_00796,created,pro,49,2025-03-19
sub_42687971,user_00797,created,pro,49,2025-01-17
sub_41190832,user_00798,created,free,0,2025-02-25
sub_30638003,user_00799,created,free,0,2025-05-09
sub_71145634,user_00800,created,enterprise,149,2025-07-29
sub_2140201,user_00801,created,pro,49,2025-03-30
sub_24925895,user_00802,created,pro,49,2025-07-07
sub_59364567,user_00803,created,free,0,2025-02-20
sub_39796475,user_00804,created,pro,49,2025-04-02
sub_9783931,user_00805,created,pro,49,2025-03-25
sub_40495382,user_00806,created,free,0,2025-04-19
sub_67545724,user_00807,created,free,0,2025-03-27
sub_43529174,user_00808,created,pro,49,2025-05-25
sub_94714474,user_00808,cancelled,pro,0,2025-11-21
sub_61608453,user_00809,created,free,0,2025-03-12
sub_90156590,user_00809,upgraded,pro,49,2025-08-13
sub_24302521,user_00810,created,pro,49,2025-05-01
sub_51448694,user_00810,upgraded,enterprise,149,2025-11-20
sub_6685457,user_00811,created,free,0,2025-04-14
sub_21742956,user_00812,created,pro,49,2025-03-27
sub_75513912,user_00813,created,free,0,2025-02-12
sub_23187229,user_00814,created,free,0,2025-01-07
sub_44604683,user_00815,created,pro,49,2025-01-28
sub_34837575,user_00816,created,free,0,2025-11-18
sub_52939127,user_00817,created,free,0,2025-01-07
sub_91972857,user_00818,created,enterprise,149,2025-05-13
sub_70877336,user_00819,created,pro,49,2025-08-02
sub_54066476,user_00820,created,enterprise,149,2025-01-11
sub_19797191,user_00821,created,free,0,2025-03-05
sub_60514512,user_00822,created,free,0,2025-02-17
sub_24955973,user_00823,created,free,0,2025-01-31
sub_74490910,user_00824,created,pro,49,2025-05-14
sub_69282441,user_00825,created,pro,49,2025-05-17
sub_40299863,user_00827,created,free,0,2025-03-15
sub_6132843,user_00828,created,pro,49,2025-03-26
sub_60222807,user_00829,created,pro,49,2025-03-04
sub_55917717,user_00829,cancelled,pro,0,2025-07-21
sub_57527165,user_00830,created,free,0,2025-01-31
sub_33644582,user_00831,created,pro,49,2025-05-04
sub_18267938,user_00832,created,free,0,2025-04-03
sub_1380509,user_00833,created,pro,49,2025-05-13
sub_59769778,user_00834,created,free,0,2025-05-05
sub_87604266,user_00835,created,free,0,2025-01-26
sub_50633228,user_00836,created,free,0,2025-01-20
sub_91696564,user_00837,created,pro,49,2025-02-12
sub_27766215,user_00838,created,pro,49,2025-01-16
sub_19302769,user_00839,created,pro,49,2025-11-05
sub_64187587,user_00840,created,free,0,2025-11-21
sub_9072822,user_00841,created,pro,49,2025-02-14
sub_94812319,user_00842,created,pro,49,2025-02-04
sub_27719615,user_00843,created,pro,49,2025-05-17
sub_45400127,user_00844,created,free,0,2025-04-09
sub_27950280,user_00845,created,free,0,2025-12-17
sub_97526511,user_00846,created,enterprise,149,2025-06-17
sub_73617061,user_00847,created,free,0,2025-02-11
sub_53806106,user_00848,created,free,0,2025-03-19
sub_63872605,user_00849,created,free,0,2025-02-28
sub_56045156,user_00849,upgraded,pro,49,2025-12-25
sub_92828813,user_00850,created,enterprise,149,2025-05-14
sub_18570788,user_00851,created,free,0,2025-01-31
sub_48068003,user_00852,created,free,0,2025-02-28
sub_81032887,user_00854,created,pro,49,2025-09-25
sub_16828265,user_00854,upgraded,enterprise,149,2025-11-19
sub_29244446,user_00855,created,free,0,2025-04-22
sub_71003033,user_00856,created,free,0,2025-06-18
sub_57879700,user_00857,created,free,0,2025-05-03
sub_96909972,user_00857,upgraded,pro,49,2025-11-19
sub_67638983,user_00858,created,free,0,2025-04-20
sub_63778047,user_00859,created,enterprise,149,2025-03-18
sub_81521360,user_00860,created,free,0,2025-03-18
sub_6995189,user_00860,upgraded,pro,49,2025-05-11
sub_54551046,user_00861,created,pro,49,2025-01-10
sub_90170412,user_00862,created,free,0,2025-05-16
sub_93158192,user_00863,created,pro,49,2025-05-07
sub_4054656,user_00864,created,free,0,2025-03-25
sub_35332312,user_00865,created,free,0,2025-03-09
sub_69392239,user_00866,created,enterprise,149,2025-03-07
sub_70238223,user_00866,cancelled,enterprise,0,2025-06-27
sub_52799150,user_00867,created,free,0,2025-02-15
sub_79365865,user_00867,upgraded,pro,49,2025-11-21
sub_91190673,user_00868,created,free,0,2025-01-11
sub_31374192,user_00869,created,free,0,2025-01-22
sub_23671297,user_00869,upgraded,pro,49,2025-05-20
sub_7722133,user_00870,created,free,0,2025-04-15
sub_93136595,user_00871,created,pro,49,2025-01-28
sub_44910445,user_00872,created,free,0,2025-01-12
sub_49729857,user_00873,created,free,0,2025-01-02
sub_31583718,user_00874,created,free,0,2025-05-07
sub_34857450,user_00875,created,enterprise,149,2025-07-08
sub_808854,user_00876,created,pro,49,2025-03-30
sub_46553839,user_00877,created,free,0,2025-04-29
sub_3409042,user_00877,upgraded,pro,49,2025-10-28
sub_92248403,user_00878,created,free,0,2025-03-10
sub_70440993,user_00879,created,free,0,2025-09-01
sub_81065376,user_00880,created,enterprise,149,2025-03-08
sub_19433419,user_00880,cancelled,enterprise,0,2025-09-09
sub_63654820,user_00881,created,pro,49,2025-05-12
sub_26845531,user_00882,created,enterprise,149,2025-03-24
sub_77538991,user_00883,created,pro,49,2025-01-27
sub_56119122,user_00884,created,enterprise,149,2025-04-12
sub_99616895,user_00885,created,pro,49,2025-04-19
sub_11248519,user_00885,upgraded,enterprise,149,2025-09-17
sub_43939110,user_00886,created,pro,49,2025-02-26
sub_80018084,user_00887,created,enterprise,149,2025-05-25
sub_60313693,user_00888,created,free,0,2025-02-05
sub_57588035,user_00889,created,pro,49,2025-02-14
sub_34543935,user_00890,created,pro,49,2025-04-28
sub_1185755,user_00891,created,free,0,2025-01-27
sub_42180686,user_00891,upgraded,pro,49,2025-03-23
sub_25749946,user_00892,created,enterprise,149,2025-01-06
sub_91511185,user_00892,downgraded,pro,49,2025-11-26
sub_88078722,user_00893,created,free,0,2025-01-26
sub_99034784,user_00894,created,enterprise,149,2025-03-30
sub_43173686,user_00895,created,pro,49,2025-03-15
sub_55229774,user_00895,upgraded,enterprise,149,2025-07-30
sub_60429095,user_00896,created,pro,49,2025-03-29
sub_7754161,user_00897,created,pro,49,2025-01-16
sub_98884291,user_00897,upgraded,enterprise,149,2025-07-12
sub_63577592,user_00898,created,pro,49,2025-03-01
sub_67134583,user_00898,downgraded,free,0,2025-09-16
sub_79910383,user_00899,created,enterprise,149,2025-04-30
sub_62192924,user_00899,downgraded,pro,49,2025-11-29
sub_67083557,user_00900,created,free,0,2025-04-08
sub_95385847,user_00900,upgraded,pro,49,2025-10-30
sub_45499934,user_00901,created,free,0,2025-01-05
sub_46206051,user_00902,created,pro,49,2025-05-15
sub_34184054,user_00903,created,pro,49,2025-03-29
sub_21311791,user_00904,created,pro,49,2025-07-18
sub_58563783,user_00905,created,enterprise,149,2025-02-03
sub_10331334,user_00906,created,free,0,2025-05-19
sub_78745075,user_00907,created,free,0,2025-02-05
sub_94551517,user_00908,created,free,0,2025-02-19
sub_3707261,user_00909,created,free,0,2025-04-06
sub_32378692,user_00909,upgraded,pro,49,2025-07-04
sub_70728547,user_00910,created,pro,49,2025-04-27
sub_34852582,user_00910,cancelled,pro,0,2025-06-17
sub_19751826,user_00911,created,enterprise,149,2025-04-19
sub_24283701,user_00911,downgraded,pro,49,2025-12-21
sub_64002646,user_00912,created,free,0,2025-05-07
sub_28193492,user_00913,created,free,0,2025-01-18
sub_54014743,user_00914,created,pro,49,2025-04-29
sub_17480237,user_00915,created,pro,49,2025-02-06
sub_61128345,user_00915,upgraded,enterprise,149,2025-10-20
sub_97796770,user_00916,created,free,0,2025-10-22
sub_27681339,user_00917,created,enterprise,149,2025-05-15
sub_24194407,user_00918,created,free,0,2025-05-16
sub_8004248,user_00919,created,pro,49,2025-05-14
sub_94780071,user_00920,created,enterprise,149,2025-04-22
sub_23630872,user_00921,created,pro,49,2025-05-03
sub_23547318,user_00921,cancelled,pro,0,2025-08-26
sub_86364402,user_00922,created,free,0,2025-03-17
sub_19760210,user_00923,created,pro,49,2025-03-22
sub_64712451,user_00924,created,enterprise,149,2025-04-19
sub_13863006,user_00925,created,pro,49,2025-02-19
sub_14283027,user_00925,downgraded,free,0,2025-08-17
sub_10067840,user_00926,created,pro,49,2025-02-14
sub_62382863,user_00927,created,free,0,2025-03-17
sub_49793666,user_00928,created,free,0,2025-09-08
sub_87409137,user_00929,created,enterprise,149,2025-03-22
sub_65779538,user_00930,created,free,0,2025-05-12
sub_57166869,user_00931,created,pro,49,2025-12-11
sub_81436242,user_00932,created,enterprise,149,2025-05-12
sub_16199007,user_00933,created,enterprise,149,2025-01-23
sub_66010936,user_00933,downgraded,pro,49,2025-04-17
sub_14308677,user_00933,downgraded,free,0,2025-08-31
sub_56765292,user_00934,created,pro,49,2025-01-17
sub_22062935,user_00935,created,free,0,2025-04-28
sub_7678081,user_00935,upgraded,pro,49,2025-06-13
sub_39530879,user_00936,created,pro,49,2025-01-08
sub_21154676,user_00937,created,pro,49,2025-12-18
sub_82783895,user_00938,created,free,0,2025-07-23
sub_72906443,user_00939,created,pro,49,2025-07-20
sub_49922138,user_00939,cancelled,pro,0,2025-09-28
sub_15303511,user_00940,created,enterprise,149,2025-05-19
sub_38782228,user_00941,created,enterprise,149,2025-09-24
sub_35997847,user_00942,created,pro,49,2025-02-10
sub_74153574,user_00943,created,free,0,2025-02-10
sub_54243868,user_00943,upgraded,pro,49,2025-11-04
sub_77460336,user_00944,created,pro,49,2025-03-27
sub_74284004,user_00945,created,enterprise,149,2025-01-03
sub_31230983,user_00946,created,free,0,2025-02-22
sub_4346230,user_00947,created,pro,49,2025-03-02
sub_50304388,user_00947,cancelled,pro,0,2025-11-23
sub_23584929,user_00948,created,pro,49,2025-01-06
sub_13900306,user_00949,created,free,0,2025-03-24
sub_57019882,user_00950,created,pro,49,2025-02-08
sub_77656343,user_00951,created,pro,49,2025-05-16
sub_1055438,user_00952,created,free,0,2025-02-13
sub_27827407,user_00952,upgraded,pro,49,2025-08-09
sub_78452159,user_00953,created,free,0,2025-05-10
sub_24047950,user_00954,created,free,0,2025-04-03
sub_25122935,user_00955,created,pro,49,2025-03-09
sub_3971230,user_00956,created,pro,49,2025-05-19
sub_24183731,user_00957,created,pro,49,2025-07-26
sub_55459928,user_00958,created,free,0,2025-04-04
sub_76321420,user_00959,created,pro,49,2025-06-19
sub_73765130,user_00960,created,free,0,2025-05-11
sub_1867528,user_00961,created,enterprise,149,2025-01-19
sub_12838644,user_00962,created,pro,49,2025-01-22
sub_35720850,user_00963,created,free,0,2025-01-12
sub_24747698,user_00963,upgraded,pro,49,2025-06-22
sub_91081259,user_00964,created,free,0,2025-09-14
sub_53354321,user_00965,created,enterprise,149,2025-05-13
sub_36055931,user_00966,created,free,0,2025-12-30
sub_66498932,user_00967,created,free,0,2025-04-10
sub_10392769,user_00968,created,enterprise,149,2025-04-17
sub_8126886,user_00969,created,enterprise,149,2025-02-24
sub_56680533,user_00970,created,free,0,2025-05-19
sub_73332162,user_00970,upgraded,pro,49,2025-10-15
sub_3392122,user_00971,created,free,0,2025-04-03
sub_9590240,user_00972,created,free,0,2025-05-11
sub_60475414,user_00972,upgraded,pro,49,2025-10-06
sub_62351263,user_00973,created,pro,49,2025-04-05
sub_2593999,user_00973,cancelled,pro,0,2025-05-06
sub_28996080,user_00974,created,enterprise,149,2025-03-22
sub_10789101,user_00975,created,pro,49,2025-03-24
sub_53695427,user_00976,created,pro,49,2025-03-24
sub_26040674,user_00977,created,pro,49,2025-04-17
sub_59813891,user_00978,created,pro,49,2025-02-13
sub_5279811,user_00978,downgraded,free,0,2025-10-22
sub_45960627,user_00979,created,pro,49,2025-01-16
sub_91972817,user_00980,created,enterprise,149,2025-05-09
sub_1446908,user_00980,cancelled,enterprise,0,2025-11-10
sub_4415512,user_00981,created,pro,49,2025-03-08
sub_39084913,user_00982,created,pro,49,2025-04-02
sub_78289539,user_00982,cancelled,pro,0,2025-09-16
sub_26613296,user_00983,created,free,0,2025-11-06
sub_28008364,user_00984,created,free,0,2025-08-07
sub_24796678,user_00985,created,enterprise,149,2025-05-08
sub_55468002,user_00986,created,free,0,2025-04-09
sub_61584195,user_00987,created,enterprise,149,2025-02-23
sub_24634296,user_00988,created,free,0,2025-10-14
sub_34065154,user_00989,created,free,0,2025-05-17
sub_37535728,user_00990,created,enterprise,149,2025-01-17
sub_50564531,user_00991,created,pro,49,2025-04-03
sub_77520413,user_00992,created,pro,49,2025-02-21
sub_30048229,user_00992,upgraded,enterprise,149,2025-07-12
sub_15184381,user_00993,created,free,0,2025-04-03
sub_59132249,user_00994,created,pro,49,2025-01-29
sub_21462714,user_00995,created,free,0,2025-06-24
sub_75591614,user_00996,created,pro,49,2025-04-14
sub_37398032,user_00997,created,enterprise,149,2025-02-21
sub_59539153,user_00998,created,pro,49,2025-05-12
sub_58147312,user_00999,created,free,0,2025-02-04
sub_32435858,user_01000,created,pro,49,2025-01-19
sub_74518625,user_01001,created,free,0,2025-04-08
sub_715296,user_01002,created,pro,49,2025-04-26
sub_72468344,user_01003,created,free,0,2025-02-16
sub_29835580,user_01004,created,free,0,2025-09-28
sub_75540642,user_01005,created,pro,49,2025-02-23
sub_4363594,user_01006,created,pro,49,2025-04-18
sub_99513444,user_01007,created,enterprise,149,2025-04-11
sub_53378193,user_01008,created,pro,49,2025-02-08
sub_43633699,user_01008,downgraded,free,0,2025-05-21
sub_34911314,user_01008,upgraded,pro,49,2025-07-04
sub_8169239,user_01008,upgraded,enterprise,149,2025-10-01
sub_20974708,user_01009,created,free,0,2025-05-30
sub_46948562,user_01010,created,free,0,2025-01-15
sub_82648891,user_01011,created,pro,49,2025-02-27
sub_97781316,user_01011,upgraded,enterprise,149,2025-07-13
sub_82241666,user_01012,created,free,0,2025-05-16
sub_73825346,user_01013,created,pro,49,2025-05-30
sub_43627471,user_01014,created,free,0,2025-01-01
sub_14592917,user_01015,created,free,0,2025-02-28
sub_93802195,user_01015,upgraded,pro,49,2025-04-11
sub_81016927,user_01016,created,pro,49,2025-03-31
sub_29391511,user_01016,downgraded,free,0,2025-11-21
sub_99074171,user_01017,created,pro,49,2025-03-16
sub_81162973,user_01017,cancelled,pro,0,2025-09-11
sub_30181048,user_01018,created,pro,49,2025-03-11
sub_17075254,user_01019,created,pro,49,2025-01-05
sub_62010916,user_01020,created,pro,49,2025-04-15
sub_94048286,user_01020,downgraded,free,0,2025-09-16
sub_21206894,user_01021,created,free,0,2025-01-07
sub_66203738,user_01022,created,enterprise,149,2025-02-11
sub_24183667,user_01023,created,enterprise,149,2025-04-01
sub_72600803,user_01024,created,enterprise,149,2025-04-02
sub_11677833,user_01025,created,free,0,2025-05-03
sub_21483603,user_01026,created,free,0,2025-04-25
sub_76851987,user_01026,upgraded,pro,49,2025-08-20
sub_15820638,user_01027,created,free,0,2025-04-30
sub_52025032,user_01029,created,pro,49,2025-02-11
sub_29824343,user_01030,created,pro,49,2025-01-28
sub_46716047,user_01031,created,free,0,2025-04-24
sub_87539138,user_01032,created,enterprise,149,2025-01-07
sub_6409970,user_01033,created,pro,49,2025-01-18
sub_40059312,user_01034,created,free,0,2025-02-10
sub_75593067,user_01035,created,pro,49,2025-02-03
sub_57611344,user_01036,created,enterprise,149,2025-08-26
sub_7985912,user_01037,created,free,0,2025-02-15
sub_16836089,user_01038,created,pro,49,2025-07-29
sub_57773629,user_01039,created,pro,49,2025-01-22
sub_96438967,user_01040,created,free,0,2025-01-09
sub_56342092,user_01040,upgraded,pro,49,2025-02-08
sub_60741910,user_01041,created,pro,49,2025-03-06
sub_53033833,user_01041,cancelled,pro,0,2025-05-05
sub_86688768,user_01042,created,pro,49,2025-12-26
sub_44443205,user_01043,created,enterprise,149,2025-01-14
sub_23037865,user_01043,downgraded,pro,49,2025-08-17
sub_60883480,user_01043,downgraded,free,0,2025-09-24
sub_22307582,user_01044,created,pro,49,2025-05-26
sub_74217674,user_01044,cancelled,pro,0,2025-10-29
sub_86506181,user_01045,created,free,0,2025-01-20
sub_40764930,user_01046,created,pro,49,2025-01-29
sub_47767782,user_01046,cancelled,pro,0,2025-06-03
sub_27569527,user_01047,created,pro,49,2025-04-29
sub_78935070,user_01047,downgraded,free,0,2025-10-26
sub_65666288,user_01048,created,pro,49,2025-02-07
sub_35537497,user_01048,upgraded,enterprise,149,2025-11-17
sub_83675181,user_01049,created,pro,49,2025-05-15
sub_84101071,user_01049,cancelled,pro,0,2025-11-06
sub_78703145,user_01050,created,free,0,2025-06-28
sub_50148407,user_01051,created,enterprise,149,2025-05-04
sub_3140013,user_01052,created,pro,49,2025-04-12
sub_60752790,user_01053,created,free,0,2025-04-19
sub_97010689,user_01054,created,free,0,2025-04-23
sub_76576,user_01055,created,free,0,2025-01-09
sub_67869273,user_01055,upgraded,pro,49,2025-05-26
sub_73300539,user_01055,downgraded,free,0,2025-08-06
sub_58364452,user_01056,created,pro,49,2025-03-18
sub_40446864,user_01057,created,pro,49,2025-04-19
sub_374362,user_01059,created,pro,49,2025-02-01
sub_56196405,user_01059,upgraded,enterprise,149,2025-12-06
sub_66459478,user_01060,created,pro,49,2025-12-06
sub_48773102,user_01061,created,enterprise,149,2025-01-01
sub_55402833,user_01062,created,free,0,2025-02-27
sub_2912578,user_01063,created,pro,49,2025-02-01
sub_22769522,user_01064,created,free,0,2025-02-13
sub_5985419,user_01064,upgraded,pro,49,2025-06-13
sub_73234600,user_01065,created,pro,49,2025-02-04
sub_1372988,user_01066,created,free,0,2025-03-07
sub_89269195,user_01066,upgraded,pro,49,2025-04-19
sub_95948013,user_01066,cancelled,pro,0,2025-12-24
sub_13862374,user_01067,created,free,0,2025-10-23
sub_75839021,user_01068,created,free,0,2025-01-13
sub_23052880,user_01068,upgraded,pro,49,2025-11-04
sub_79862482,user_01069,created,pro,49,2025-04-14
sub_6235415,user_01070,created,enterprise,149,2025-09-27
sub_22267251,user_01071,created,enterprise,149,2025-03-17
sub_24987417,user_01072,created,pro,49,2025-01-22
sub_10436008,user_01072,upgraded,enterprise,149,2025-10-05
sub_49848952,user_01073,created,free,0,2025-05-02
sub_40170436,user_01074,created,free,0,2025-03-23
sub_31970207,user_01075,created,enterprise,149,2025-02-15
sub_83174259,user_01075,cancelled,enterprise,0,2025-04-29
sub_4372066,user_01076,created,pro,49,2025-03-05
sub_37512892,user_01076,downgraded,free,0,2025-05-10
sub_34768842,user_01077,created,free,0,2025-03-01
sub_72774717,user_01078,created,pro,49,2025-02-25
sub_76829222,user_01078,downgraded,free,0,2025-07-28
sub_4643233,user_01079,created,pro,49,2025-02-02
sub_78488055,user_01079,cancelled,pro,0,2025-12-11
sub_30221880,user_01080,created,enterprise,149,2025-02-04
sub_23267008,user_01080,cancelled,enterprise,0,2025-08-06
sub_21055735,user_01081,created,pro,49,2025-03-03
sub_46774328,user_01081,downgraded,free,0,2025-08-24
sub_25827317,user_01082,created,pro,49,2025-04-20
sub_33187506,user_01083,created,enterprise,149,2025-04-15
sub_27687771,user_01084,created,pro,49,2025-04-07
sub_23261698,user_01084,downgraded,free,0,2025-12-23
sub_880540,user_01085,created,pro,49,2025-05-24
sub_22518072,user_01086,created,enterprise,149,2025-10-20
sub_32840194,user_01087,created,pro,49,2025-01-22
sub_47985641,user_01088,created,pro,49,2025-03-19
sub_9024217,user_01089,created,pro,49,2025-01-11
sub_5467628,user_01089,upgraded,enterprise,149,2025-03-10
sub_20664729,user_01090,created,free,0,2025-10-25
sub_50229580,user_01091,created,enterprise,149,2025-01-17
sub_87506740,user_01092,created,pro,49,2025-04-28
sub_44477708,user_01093,created,free,0,2025-03-25
sub_46177939,user_01094,created,enterprise,149,2025-03-01
sub_7969791,user_01095,created,enterprise,149,2025-06-11
sub_15236678,user_01096,created,free,0,2025-06-10
sub_82972295,user_01097,created,enterprise,149,2025-04-13
sub_97896452,user_01098,created,pro,49,2025-03-21
sub_30365698,user_01099,created,pro,49,2025-05-18
sub_45317894,user_01099,downgraded,free,0,2025-10-29
sub_38074872,user_01100,created,pro,49,2025-04-23
sub_44098683,user_01101,created,pro,49,2025-05-24
sub_96356720,user_01101,upgraded,enterprise,149,2025-08-11
sub_91664048,user_01102,created,enterprise,149,2025-05-05
sub_4481563,user_01102,downgraded,pro,49,2025-10-02
sub_30338081,user_01103,created,enterprise,149,2025-04-06
sub_54334037,user_01104,created,enterprise,149,2025-07-11
sub_77966442,user_01105,created,free,0,2025-04-20
sub_67685146,user_01106,created,pro,49,2025-05-23
sub_74408160,user_01107,created,enterprise,149,2025-03-31
sub_75197111,user_01108,created,free,0,2025-03-12
sub_38230181,user_01108,upgraded,pro,49,2025-07-28
sub_93300460,user_01109,created,enterprise,149,2025-05-05
sub_27937587,user_01110,created,pro,49,2025-02-02
sub_83722553,user_01111,created,free,0,2025-05-14
sub_25990060,user_01112,created,free,0,2025-02-24
sub_32964310,user_01113,created,free,0,2025-03-05
sub_25870212,user_01113,upgraded,pro,49,2025-08-06
sub_21770277,user_01114,created,enterprise,149,2025-11-05
sub_39532925,user_01115,created,enterprise,149,2025-02-15
sub_33056454,user_01116,created,free,0,2025-03-12
sub_52897118,user_01117,created,free,0,2025-03-01
sub_21905860,user_01118,created,pro,49,2025-02-25
sub_79469712,user_01118,downgraded,free,0,2025-10-19
sub_57278051,user_01119,created,free,0,2025-01-16
sub_17751999,user_01119,upgraded,pro,49,2025-08-13
sub_972066,user_01120,created,free,0,2025-10-22
sub_72129095,user_01121,created,pro,49,2025-07-19
sub_3577210,user_01122,created,pro,49,2025-02-28
sub_46549341,user_01122,cancelled,pro,0,2025-06-12
sub_75743176,user_01123,created,free,0,2025-02-08
sub_99377345,user_01124,created,enterprise,149,2025-05-25
sub_72258236,user_01125,created,pro,49,2025-10-31
sub_86585128,user_01126,created,pro,49,2025-04-23
sub_30936036,user_01127,created,pro,49,2025-05-27
sub_16434806,user_01127,downgraded,free,0,2025-07-31
sub_16955135,user_01128,created,free,0,2025-04-25
sub_36167085,user_01129,created,free,0,2025-06-14
sub_36268695,user_01130,created,free,0,2025-05-03
sub_12142123,user_01131,created,pro,49,2025-03-12
sub_21701972,user_01132,created,free,0,2025-03-16
sub_77817765,user_01133,created,enterprise,149,2025-02-26
sub_7721842,user_01134,created,pro,49,2025-11-08
sub_59637099,user_01135,created,pro,49,2025-07-10
sub_44740105,user_01136,created,free,0,2025-03-18
sub_80321827,user_01137,created,free,0,2025-02-08
sub_52723649,user_01138,created,pro,49,2025-10-09
sub_42017788,user_01139,created,enterprise,149,2025-04-28
sub_82104813,user_01140,created,free,0,2025-03-30
sub_80684112,user_01141,created,free,0,2025-01-27
sub_82515458,user_01142,created,free,0,2025-02-04
sub_17971391,user_01142,upgraded,pro,49,2025-10-18
sub_7575494,user_01143,created,pro,49,2025-01-19
sub_15824860,user_01143,downgraded,free,0,2025-08-24
sub_19145211,user_01144,created,pro,49,2025-04-07
sub_32578247,user_01145,created,pro,49,2025-07-29
sub_66627421,user_01146,created,enterprise,149,2025-03-03
sub_53886874,user_01147,created,pro,49,2025-04-19
sub_26586910,user_01148,created,pro,49,2025-03-02
sub_10100415,user_01149,created,pro,49,2025-05-14
sub_64575117,user_01150,created,free,0,2025-03-17
sub_61711396,user_01151,created,free,0,2025-04-21
sub_41471936,user_01152,created,free,0,2025-03-13
sub_78919775,user_01152,upgraded,pro,49,2025-09-10
sub_49888093,user_01153,created,enterprise,149,2025-03-09
sub_37293092,user_01154,created,free,0,2025-02-18
sub_21481965,user_01155,created,enterprise,149,2025-01-26
sub_8800190,user_01156,created,free,0,2025-03-05
sub_1998162,user_01156,upgraded,pro,49,2025-04-06
sub_51530317,user_01157,created,pro,49,2025-05-16
sub_24461495,user_01158,created,pro,49,2025-03-04
sub_79899485,user_01159,created,enterprise,149,2025-04-08
sub_35997422,user_01160,created,free,0,2025-03-26
sub_86022455,user_01160,upgraded,pro,49,2025-06-27
sub_12469732,user_01161,created,free,0,2025-01-10
sub_76015178,user_01162,created,free,0,2025-08-13
sub_27266260,user_01163,created,pro,49,2025-04-14
sub_60147892,user_01164,created,pro,49,2025-02-28
sub_45888749,user_01164,downgraded,free,0,2025-11-21
sub_83501427,user_01165,created,free,0,2025-03-20
sub_13125005,user_01165,upgraded,pro,49,2025-10-25
sub_78645798,user_01166,created,pro,49,2025-09-01
sub_17775673,user_01167,created,enterprise,149,2025-05-25
sub_24268104,user_01168,created,pro,49,2025-10-10
sub_53086227,user_01169,created,pro,49,2025-01-30
sub_59906546,user_01170,created,pro,49,2025-01-13
sub_10202362,user_01171,created,pro,49,2025-02-19
sub_94353805,user_01172,created,free,0,2025-02-07
sub_30746598,user_01173,created,free,0,2025-03-26
sub_13404936,user_01174,created,free,0,2025-01-06
sub_64641617,user_01175,created,enterprise,149,2025-01-09
sub_49979600,user_01176,created,free,0,2025-02-02
sub_31154502,user_01177,created,pro,49,2025-09-18
sub_96978633,user_01177,upgraded,enterprise,149,2025-12-05
sub_53792086,user_01178,created,pro,49,2025-04-21
sub_17194476,user_01178,cancelled,pro,0,2025-10-10
sub_56848213,user_01179,created,free,0,2025-01-18
sub_36784982,user_01180,created,free,0,2025-10-14
sub_63545725,user_01181,created,free,0,2025-02-04
sub_42748604,user_01182,created,free,0,2025-04-25
sub_20286307,user_01183,created,pro,49,2025-04-03
sub_89627886,user_01184,created,enterprise,149,2025-03-13
sub_68276013,user_01184,downgraded,pro,49,2025-06-16
sub_84497483,user_01185,created,pro,49,2025-09-15
sub_53504799,user_01186,created,pro,49,2025-03-02
sub_33806025,user_01187,created,free,0,2025-05-31
sub_51418159,user_01188,created,free,0,2025-05-27
sub_13809073,user_01189,created,pro,49,2025-05-29
sub_19041068,user_01189,downgraded,free,0,2025-10-28
sub_94116091,user_01190,created,pro,49,2025-07-10
sub_3409779,user_01191,created,free,0,2025-11-15
sub_83323819,user_01192,created,pro,49,2025-04-27
sub_57139633,user_01193,created,pro,49,2025-09-07
sub_16168609,user_01194,created,free,0,2025-05-03
sub_60205894,user_01195,created,enterprise,149,2025-05-19
sub_30677962,user_01196,created,pro,49,2025-05-05
sub_3550019,user_01197,created,pro,49,2025-03-05
sub_605250,user_01197,downgraded,free,0,2025-08-30
sub_76649314,user_01198,created,enterprise,149,2025-03-18
sub_79603392,user_01199,created,pro,49,2025-09-09
sub_21251926,user_01200,created,enterprise,149,2025-05-17
sub_88562865,user_01200,downgraded,pro,49,2025-10-01
sub_99566293,user_01201,created,free,0,2025-01-29
sub_71544236,user_01203,created,free,0,2025-02-09
sub_36048156,user_01203,upgraded,pro,49,2025-12-21
sub_42332948,user_01204,created,enterprise,149,2025-03-25
sub_18445351,user_01205,created,pro,49,2025-03-21
sub_36303495,user_01206,created,enterprise,149,2025-03-29
sub_8198612,user_01206,cancelled,enterprise,0,2025-09-28
sub_25642547,user_01207,created,free,0,2025-04-02
sub_22309045,user_01208,created,free,0,2025-10-03
sub_94643703,user_01209,created,free,0,2025-01-11
sub_14212949,user_01210,created,enterprise,149,2025-09-18
sub_8428148,user_01211,created,free,0,2025-03-15
sub_47490644,user_01212,created,free,0,2025-08-06
sub_92755622,user_01213,created,enterprise,149,2025-03-07
sub_30906544,user_01214,created,free,0,2025-06-18
sub_44542152,user_01215,created,enterprise,149,2025-07-13
sub_47597060,user_01216,created,pro,49,2025-02-21
sub_1333197,user_01217,created,free,0,2025-02-02
sub_42653730,user_01217,upgraded,pro,49,2025-09-03
sub_12628163,user_01218,created,free,0,2025-01-29
sub_36360358,user_01219,created,pro,49,2025-05-18
sub_28170117,user_01220,created,pro,49,2025-05-18
sub_96609295,user_01220,upgraded,enterprise,149,2025-11-24
sub_18733307,user_01221,created,free,0,2025-12-03
sub_13471099,user_01222,created,enterprise,149,2025-03-12
sub_78099509,user_01223,created,pro,49,2025-01-01
sub_85878845,user_01224,created,pro,49,2025-04-07
sub_14101916,user_01225,created,free,0,2025-05-13
sub_40199913,user_01226,created,free,0,2025-03-01
sub_31911980,user_01227,created,pro,49,2025-02-22
sub_89414559,user_01228,created,free,0,2025-03-29
sub_6626244,user_01229,created,free,0,2025-04-20
sub_69447570,user_01230,created,free,0,2025-02-19
sub_59272776,user_01231,created,free,0,2025-03-05
sub_65110960,user_01232,created,enterprise,149,2025-04-06
sub_79360217,user_01232,downgraded,pro,49,2025-10-16
sub_61873766,user_01233,created,enterprise,149,2025-01-19
sub_85592155,user_01234,created,free,0,2025-07-05
sub_18744520,user_01235,created,free,0,2025-08-27
sub_35021207,user_01236,created,pro,49,2025-04-01
sub_62563951,user_01236,cancelled,pro,0,2025-09-16
sub_81264086,user_01237,created,free,0,2025-03-26
sub_17025492,user_01238,created,enterprise,149,2025-09-23
sub_50245981,user_01239,created,pro,49,2025-01-10
sub_92935594,user_01240,created,free,0,2025-03-22
sub_99488756,user_01240,upgraded,pro,49,2025-08-19
sub_33732173,user_01240,downgraded,free,0,2025-09-19
sub_17621753,user_01241,created,pro,49,2025-05-30
sub_20578989,user_01242,created,free,0,2025-11-24
sub_12539199,user_01243,created,pro,49,2025-05-21
sub_67339500,user_01243,cancelled,pro,0,2025-08-04
sub_73183047,user_01244,created,free,0,2025-02-06
sub_31711219,user_01245,created,free,0,2025-02-11
sub_95052455,user_01246,created,pro,49,2025-02-03
sub_34141277,user_01247,created,free,0,2025-04-30
sub_84326656,user_01248,created,free,0,2025-01-03
sub_90651440,user_01249,created,free,0,2025-05-06
sub_43128998,user_01250,created,pro,49,2025-05-30
sub_94007703,user_01251,created,pro,49,2025-01-30
sub_72437391,user_01252,created,pro,49,2025-03-29
sub_14691650,user_01253,created,free,0,2025-01-02
sub_79282514,user_01254,created,pro,49,2025-08-20
sub_24203842,user_01255,created,pro,49,2025-04-10
sub_98778042,user_01256,created,pro,49,2025-03-23
sub_996386,user_01257,created,pro,49,2025-02-15
sub_40602354,user_01257,upgraded,enterprise,149,2025-09-08
sub_72844194,user_01258,created,pro,49,2025-02-25
sub_64840922,user_01259,created,pro,49,2025-02-12
sub_66120776,user_01260,created,pro,49,2025-02-26
sub_5562968,user_01261,created,enterprise,149,2025-11-07
sub_57904488,user_01262,created,free,0,2025-05-26
sub_66130323,user_01262,upgraded,pro,49,2025-07-21
sub_85100395,user_01263,created,pro,49,2025-04-28
sub_51298527,user_01263,downgraded,free,0,2025-10-16
sub_77118971,user_01264,created,free,0,2025-04-19
sub_26611921,user_01265,created,free,0,2025-01-31
sub_28047424,user_01265,upgraded,pro,49,2025-06-03
sub_31471125,user_01266,created,free,0,2025-04-30
sub_22837888,user_01267,created,free,0,2025-11-01
sub_79042391,user_01268,created,pro,49,2025-11-28
sub_79130447,user_01269,created,pro,49,2025-11-23
sub_74918996,user_01270,created,pro,49,2025-01-17
sub_57713405,user_01270,cancelled,pro,0,2025-04-09
sub_47552019,user_01271,created,pro,49,2025-03-02
sub_12787594,user_01272,created,free,0,2025-02-08
sub_48045710,user_01273,created,free,0,2025-02-09
sub_82880952,user_01274,created,free,0,2025-07-03
sub_7671858,user_01275,created,free,0,2025-05-27
sub_22270634,user_01276,created,enterprise,149,2025-02-23
sub_45673394,user_01277,created,pro,49,2025-07-20
sub_62715910,user_01278,created,pro,49,2025-01-02
sub_96155143,user_01278,downgraded,free,0,2025-11-15
sub_72867033,user_01279,created,free,0,2025-05-30
sub_89323531,user_01280,created,free,0,2025-05-05
sub_38901145,user_01281,created,pro,49,2025-05-13
sub_58155333,user_01282,created,enterprise,149,2025-02-24
sub_36901435,user_01283,created,pro,49,2025-04-16
sub_7694709,user_01284,created,free,0,2025-12-09
sub_69761721,user_01285,created,pro,49,2025-05-20
sub_44767455,user_01286,created,pro,49,2025-04-10
sub_85434927,user_01287,created,pro,49,2025-04-15
sub_67572744,user_01288,created,pro,49,2025-02-12
sub_48221378,user_01289,created,pro,49,2025-05-27
sub_98682361,user_01290,created,pro,49,2025-01-02
sub_70771894,user_01291,created,pro,49,2025-02-25
sub_71189728,user_01292,created,pro,49,2025-04-11
sub_25783955,user_01293,created,enterprise,149,2025-03-24
sub_99162381,user_01293,downgraded,pro,49,2025-09-09
sub_72677003,user_01294,created,pro,49,2025-01-26
sub_23058100,user_01294,downgraded,free,0,2025-04-29
sub_43035439,user_01295,created,pro,49,2025-03-20
sub_93881373,user_01296,created,pro,49,2025-03-27
sub_58685777,user_01296,downgraded,free,0,2025-11-03
sub_95375313,user_01297,created,pro,49,2025-01-25
sub_64132712,user_01298,created,pro,49,2025-03-30
sub_18116129,user_01298,downgraded,free,0,2025-05-04
sub_54295203,user_01299,created,pro,49,2025-02-16
sub_23072173,user_01299,cancelled,pro,0,2025-05-16
sub_2414504,user_01300,created,free,0,2025-02-26
sub_99274957,user_01301,created,free,0,2025-03-14
sub_68171248,user_01302,created,free,0,2025-04-25
sub_35718758,user_01303,created,pro,49,2025-05-24
sub_53405043,user_01304,created,free,0,2025-01-09
sub_64727173,user_01304,upgraded,pro,49,2025-02-08
sub_16821412,user_01305,created,free,0,2025-10-31
sub_88377293,user_01306,created,free,0,2025-09-17
sub_78450404,user_01307,created,free,0,2025-03-18
sub_22586394,user_01308,created,pro,49,2025-02-02
sub_48642195,user_01309,created,free,0,2025-01-17
sub_40955675,user_01309,upgraded,pro,49,2025-09-12
sub_29085849,user_01310,created,enterprise,149,2025-07-15
sub_85583659,user_01310,cancelled,enterprise,0,2025-08-22
sub_42799635,user_01311,created,pro,49,2025-04-17
sub_98933742,user_01312,created,pro,49,2025-04-14
sub_50094372,user_01313,created,free,0,2025-01-05
sub_10757966,user_01314,created,free,0,2025-05-04
sub_78598201,user_01315,created,free,0,2025-02-25
sub_52585179,user_01315,upgraded,pro,49,2025-06-05
sub_22652329,user_01316,created,pro,49,2025-03-21
sub_74551122,user_01316,upgraded,enterprise,149,2025-06-17
sub_21343837,user_01317,created,free,0,2025-05-19
sub_23167793,user_01317,upgraded,pro,49,2025-09-18
sub_24637932,user_01318,created,free,0,2025-03-04
sub_47024934,user_01319,created,pro,49,2025-04-26
sub_1157338,user_01320,created,free,0,2025-04-15
sub_14265941,user_01320,upgraded,pro,49,2025-10-22
sub_71576118,user_01321,created,free,0,2025-01-06
sub_24608959,user_01322,created,pro,49,2025-04-24
sub_47334398,user_01323,created,free,0,2025-03-20
sub_97889834,user_01324,created,pro,49,2025-02-02
sub_89078726,user_01324,cancelled,pro,0,2025-12-11
sub_85312753,user_01325,created,enterprise,149,2025-04-01
sub_54456830,user_01325,downgraded,pro,49,2025-08-07
sub_22548933,user_01326,created,free,0,2025-04-04
sub_40248639,user_01327,created,pro,49,2025-03-24
sub_60025138,user_01328,created,free,0,2025-08-07
sub_23099318,user_01329,created,pro,49,2025-10-09
sub_74151353,user_01330,created,enterprise,149,2025-03-03
sub_55188874,user_01330,cancelled,enterprise,0,2025-09-25
sub_25327280,user_01331,created,enterprise,149,2025-05-09
sub_79051877,user_01332,created,free,0,2025-05-08
sub_33816429,user_01333,created,pro,49,2025-01-02
sub_24196785,user_01333,cancelled,pro,0,2025-07-31
sub_86720635,user_01334,created,free,0,2025-07-28
sub_1706226,user_01335,created,pro,49,2025-11-13
sub_12165450,user_01336,created,free,0,2025-05-20
sub_22753536,user_01337,created,free,0,2025-02-07
sub_21813769,user_01338,created,free,0,2025-05-18
sub_32975131,user_01339,created,free,0,2025-03-27
sub_36712168,user_01340,created,pro,49,2025-05-17
sub_11702378,user_01341,created,free,0,2025-09-05
sub_38584041,user_01342,created,pro,49,2025-02-07
sub_76468081,user_01343,created,free,0,2025-02-19
sub_76960133,user_01344,created,free,0,2025-05-12
sub_23488519,user_01345,created,pro,49,2025-03-24
sub_79728236,user_01345,upgraded,enterprise,149,2025-06-24
sub_1536077,user_01346,created,free,0,2025-06-08
sub_1804521,user_01347,created,enterprise,149,2025-01-09
sub_81266758,user_01348,created,free,0,2025-07-26
sub_94243078,user_01349,created,enterprise,149,2025-04-22
sub_87929289,user_01350,created,free,0,2025-03-18
sub_56036632,user_01351,created,enterprise,149,2025-03-25
sub_52938021,user_01351,downgraded,pro,49,2025-07-06
sub_22849351,user_01352,created,enterprise,149,2025-02-16
sub_93096645,user_01353,created,pro,49,2025-10-29
sub_59509996,user_01354,created,enterprise,149,2025-01-17
sub_5336155,user_01355,created,free,0,2025-09-27
sub_18036027,user_01356,created,pro,49,2025-04-29
sub_55017100,user_01357,created,enterprise,149,2025-02-27
sub_53486022,user_01358,created,pro,49,2025-04-27
sub_33114,user_01359,created,enterprise,149,2025-03-25
sub_35202115,user_01359,cancelled,enterprise,0,2025-08-21
sub_45995226,user_01360,created,pro,49,2025-03-05
sub_7061921,user_01360,downgraded,free,0,2025-05-01
sub_77941905,user_01362,created,free,0,2025-02-19
sub_48493738,user_01362,upgraded,pro,49,2025-07-31
sub_57755039,user_01363,created,pro,49,2025-01-27
sub_26065795,user_01363,downgraded,free,0,2025-12-15
sub_24845251,user_01364,created,enterprise,149,2025-04-10
sub_8959477,user_01364,cancelled,enterprise,0,2025-12-12
sub_64050584,user_01365,created,pro,49,2025-03-01
sub_38257465,user_01366,created,pro,49,2025-05-08
sub_86841005,user_01366,downgraded,free,0,2025-06-22
sub_5279873,user_01367,created,enterprise,149,2025-02-07
sub_2518334,user_01369,created,enterprise,149,2025-08-08
sub_96257793,user_01370,created,enterprise,149,2025-03-30
sub_31084734,user_01371,created,free,0,2025-09-06
sub_82479912,user_01373,created,free,0,2025-01-02
sub_10049039,user_01374,created,free,0,2025-01-28
sub_6697766,user_01375,created,free,0,2025-01-06
sub_98961929,user_01375,upgraded,pro,49,2025-09-19
sub_11328270,user_01376,created,free,0,2025-10-07
sub_77164566,user_01378,created,free,0,2025-01-22
sub_29475021,user_01378,upgraded,pro,49,2025-06-20
sub_32965259,user_01379,created,pro,49,2025-03-14
sub_49759281,user_01380,created,pro,49,2025-01-26
sub_26949872,user_01381,created,pro,49,2025-03-03
sub_72308903,user_01382,created,pro,49,2025-04-25
sub_83105866,user_01383,created,enterprise,149,2025-02-24
sub_23841976,user_01384,created,pro,49,2025-11-04
sub_18048094,user_01385,created,pro,49,2025-09-08
sub_21518068,user_01386,created,free,0,2025-05-19
sub_39980592,user_01387,created,pro,49,2025-03-19
sub_62234124,user_01388,created,enterprise,149,2025-06-25
sub_12568973,user_01389,created,pro,49,2025-03-15
sub_11655936,user_01390,created,free,0,2025-01-17
sub_79441626,user_01390,upgraded,pro,49,2025-03-14
sub_29822210,user_01390,upgraded,enterprise,149,2025-08-18
sub_51314322,user_01391,created,free,0,2025-05-01
sub_776989,user_01392,created,free,0,2025-04-07
sub_93258213,user_01393,created,pro,49,2025-02-21
sub_6278290,user_01394,created,pro,49,2025-07-19
sub_56354268,user_01395,created,free,0,2025-01-14
sub_2854500,user_01396,created,free,0,2025-02-18
sub_70984616,user_01396,upgraded,pro,49,2025-05-24
sub_19269124,user_01397,created,pro,49,2025-10-20
sub_61928541,user_01398,created,pro,49,2025-03-09
sub_65210157,user_01399,created,enterprise,149,2025-04-10
sub_88459661,user_01400,created,free,0,2025-05-26
sub_5002545,user_01401,created,free,0,2025-06-29
sub_42999440,user_01402,created,free,0,2025-05-16
sub_53683635,user_01402,upgraded,pro,49,2025-12-18
sub_37713383,user_01403,created,enterprise,149,2025-04-23
sub_53718401,user_01404,created,free,0,2025-11-21
sub_14884380,user_01405,created,pro,49,2025-03-20
sub_91950866,user_01405,cancelled,pro,0,2025-09-03
sub_56101038,user_01406,created,enterprise,149,2025-01-07
sub_7367600,user_01407,created,enterprise,149,2025-03-21
sub_63619420,user_01408,created,free,0,2025-01-22
sub_58509056,user_01409,created,pro,49,2025-05-12
sub_17421340,user_01410,created,free,0,2025-02-08
sub_52468705,user_01411,created,pro,49,2025-05-09
sub_37766210,user_01412,created,free,0,2025-02-03
sub_29311626,user_01412,upgraded,pro,49,2025-09-21
sub_95121652,user_01413,created,pro,49,2025-02-20
sub_70561155,user_01414,created,free,0,2025-12-03
sub_95727871,user_01415,created,pro,49,2025-09-16
sub_47511543,user_01415,cancelled,pro,0,2025-10-29
sub_1385579,user_01416,created,pro,49,2025-05-13
sub_1976405,user_01417,created,pro,49,2025-03-19
sub_76831986,user_01418,created,pro,49,2025-12-08
sub_43696517,user_01419,created,pro,49,2025-04-22
sub_30637769,user_01420,created,free,0,2025-02-04
sub_62146678,user_01420,upgraded,pro,49,2025-10-18
sub_23281964,user_01421,created,free,0,2025-05-08
sub_26828136,user_01422,created,free,0,2025-01-31
sub_36423591,user_01423,created,enterprise,149,2025-06-09
sub_56862582,user_01424,created,pro,49,2025-07-15
sub_12097274,user_01424,downgraded,free,0,2025-12-11
sub_59685669,user_01425,created,pro,49,2025-02-10
sub_57124503,user_01426,created,pro,49,2025-05-12
sub_88454151,user_01426,downgraded,free,0,2025-10-17
sub_19678081,user_01427,created,free,0,2025-06-04
sub_29921345,user_01428,created,pro,49,2025-05-26
sub_90368350,user_01429,created,pro,49,2025-02-17
sub_14941675,user_01430,created,free,0,2025-11-23
sub_27593285,user_01431,created,pro,49,2025-01-25
sub_26605629,user_01432,created,pro,49,2025-01-03
sub_55078472,user_01432,downgraded,free,0,2025-04-22
sub_15390236,user_01433,created,free,0,2025-05-19
sub_1668434,user_01434,created,pro,49,2025-11-12
sub_86290472,user_01435,created,free,0,2025-04-27
sub_82841619,user_01436,created,free,0,2025-02-16
sub_34759064,user_01437,created,enterprise,149,2025-05-11
sub_37998956,user_01438,created,pro,49,2025-11-19
sub_95637016,user_01439,created,free,0,2025-03-05
sub_12502848,user_01440,created,enterprise,149,2025-06-03
sub_58421330,user_01441,created,free,0,2025-03-04
sub_40221064,user_01442,created,free,0,2025-03-31
sub_18416939,user_01443,created,free,0,2025-02-12
sub_26850207,user_01443,upgraded,pro,49,2025-06-23
sub_96021535,user_01444,created,pro,49,2025-01-19
sub_13306584,user_01444,upgraded,enterprise,149,2025-04-28
sub_52222696,user_01445,created,enterprise,149,2025-05-28
sub_46837430,user_01446,created,enterprise,149,2025-04-29
sub_37047016,user_01447,created,enterprise,149,2025-05-17
sub_38615169,user_01448,created,free,0,2025-05-24
sub_15610085,user_01449,created,pro,49,2025-03-14
sub_26390882,user_01450,created,free,0,2025-01-08
sub_61708841,user_01451,created,pro,49,2025-05-05
sub_23981636,user_01451,cancelled,pro,0,2025-09-26
sub_62266558,user_01452,created,pro,49,2025-02-26
sub_63064663,user_01454,created,free,0,2025-02-05
sub_88381347,user_01454,upgraded,pro,49,2025-05-16
sub_52124997,user_01455,created,free,0,2025-02-07
sub_70244042,user_01456,created,pro,49,2025-04-26
sub_48588461,user_01457,created,free,0,2025-04-01
sub_63969348,user_01458,created,free,0,2025-02-18
sub_56401411,user_01459,created,free,0,2025-07-06
sub_4247464,user_01460,created,free,0,2025-03-27
sub_56638517,user_01460,upgraded,pro,49,2025-09-10
sub_92952020,user_01461,created,free,0,2025-03-16
sub_27974764,user_01461,upgraded,pro,49,2025-07-16
sub_33689704,user_01461,downgraded,free,0,2025-09-19
sub_81121888,user_01462,created,free,0,2025-02-04
sub_39234189,user_01463,created,pro,49,2025-04-20
sub_24167344,user_01464,created,free,0,2025-03-18
sub_83708333,user_01464,upgraded,pro,49,2025-04-26
sub_6040186,user_01464,cancelled,pro,0,2025-10-03
sub_37237796,user_01465,created,pro,49,2025-10-11
sub_57521272,user_01466,created,free,0,2025-10-16
sub_9322956,user_01467,created,enterprise,149,2025-01-08
sub_63536185,user_01468,created,enterprise,149,2025-03-26
sub_43995738,user_01469,created,pro,49,2025-03-13
sub_45658304,user_01469,cancelled,pro,0,2025-12-18
sub_13433419,user_01470,created,enterprise,149,2025-01-07
sub_68665394,user_01471,created,enterprise,149,2025-03-30
sub_73884042,user_01471,downgraded,pro,49,2025-09-14
sub_59241061,user_01472,created,enterprise,149,2025-05-09
sub_2653862,user_01473,created,free,0,2025-03-16
sub_11615559,user_01474,created,enterprise,149,2025-03-06
sub_66359158,user_01474,cancelled,enterprise,0,2025-06-18
sub_83177753,user_01475,created,free,0,2025-05-23
sub_82610445,user_01476,created,pro,49,2025-04-15
sub_75783615,user_01477,created,pro,49,2025-11-14
sub_25338379,user_01478,created,free,0,2025-05-08
sub_23143904,user_01480,created,free,0,2025-02-11
sub_40235754,user_01481,created,free,0,2025-03-21
sub_93594480,user_01482,created,free,0,2025-03-15
sub_24528574,user_01483,created,pro,49,2025-04-03
sub_5526598,user_01483,cancelled,pro,0,2025-10-30
sub_22642542,user_01484,created,pro,49,2025-01-02
sub_38524666,user_01484,upgraded,enterprise,149,2025-03-23
sub_75210503,user_01485,created,free,0,2025-01-02
sub_29419543,user_01486,created,free,0,2025-08-23
sub_59766661,user_01487,created,pro,49,2025-05-21
sub_41292413,user_01488,created,free,0,2025-12-06
sub_35783614,user_01489,created,pro,49,2025-06-06
sub_35878961,user_01490,created,enterprise,149,2025-04-19
sub_10438033,user_01491,created,enterprise,149,2025-05-08
sub_66600213,user_01492,created,free,0,2025-11-12
sub_22577873,user_01493,created,pro,49,2025-02-15
sub_29396943,user_01494,created,enterprise,149,2025-04-03
sub_36060040,user_01495,created,free,0,2025-05-19
sub_46352153,user_01496,created,enterprise,149,2025-04-28
sub_57498960,user_01497,created,pro,49,2025-07-07
sub_44995300,user_01498,created,pro,49,2025-05-09
sub_26356418,user_01499,created,enterprise,149,2025-03-05
sub_67240821,user_01499,cancelled,enterprise,0,2025-06-27
sub_52173273,user_01500,created,free,0,2025-05-11
sub_76853003,user_01501,created,free,0,2025-05-15
sub_34296444,user_01502,created,enterprise,149,2025-03-15
sub_60214805,user_01503,created,free,0,2025-03-28
sub_76540693,user_01504,created,pro,49,2025-05-24
sub_1446903,user_01504,upgraded,enterprise,149,2025-09-04
sub_22214080,user_01505,created,enterprise,149,2025-03-02
sub_48175495,user_01506,created,enterprise,149,2025-02-06
sub_39382420,user_01507,created,pro,49,2025-12-29
sub_71949589,user_01508,created,free,0,2025-03-31
sub_49623397,user_01509,created,pro,49,2025-01-29
sub_30251937,user_01510,created,free,0,2025-05-14
sub_50801453,user_01511,created,free,0,2025-03-15
sub_18363062,user_01511,upgraded,pro,49,2025-09-29
sub_56105911,user_01512,created,enterprise,149,2025-12-29
sub_75082995,user_01513,created,enterprise,149,2025-04-27
sub_76211506,user_01514,created,pro,49,2025-05-12
sub_5564994,user_01514,cancelled,pro,0,2025-08-07
sub_37698267,user_01515,created,free,0,2025-05-22
sub_92370574,user_01516,created,pro,49,2025-03-04
sub_62761616,user_01517,created,free,0,2025-04-23
sub_23213842,user_01517,upgraded,pro,49,2025-11-27
sub_26556319,user_01518,created,free,0,2025-05-26
sub_69218457,user_01518,upgraded,pro,49,2025-12-10
sub_58233507,user_01519,created,free,0,2025-01-29
sub_98508055,user_01520,created,free,0,2025-04-03
sub_94770844,user_01521,created,pro,49,2025-01-29
sub_35731499,user_01522,created,pro,49,2025-03-19
sub_8485147,user_01523,created,enterprise,149,2025-12-02
sub_87622293,user_01524,created,free,0,2025-01-24
sub_1622415,user_01525,created,enterprise,149,2025-04-22
sub_431228,user_01526,created,free,0,2025-03-12
sub_79942779,user_01526,upgraded,pro,49,2025-10-26
sub_45486864,user_01527,created,pro,49,2025-01-13
sub_30485747,user_01528,created,pro,49,2025-04-15
sub_67224265,user_01529,created,enterprise,149,2025-03-22
sub_45260386,user_01530,created,enterprise,149,2025-03-28
sub_83996332,user_01531,created,free,0,2025-05-07
sub_42003746,user_01532,created,free,0,2025-07-16
sub_64653859,user_01533,created,enterprise,149,2025-01-09
sub_99578617,user_01533,downgraded,pro,49,2025-05-29
sub_35959196,user_01534,created,pro,49,2025-04-06
sub_23405032,user_01535,created,enterprise,149,2025-05-09
sub_12263507,user_01536,created,enterprise,149,2025-02-11
sub_52454278,user_01537,created,pro,49,2025-05-22
sub_97457237,user_01538,created,enterprise,149,2025-05-07
sub_37383278,user_01539,created,free,0,2025-09-20
sub_31468129,user_01540,created,free,0,2025-05-23
sub_43122422,user_01541,created,free,0,2025-01-30
sub_79183946,user_01542,created,free,0,2025-04-07
sub_80987767,user_01543,created,free,0,2025-03-20
sub_2147945,user_01543,upgraded,pro,49,2025-07-11
sub_4362261,user_01544,created,enterprise,149,2025-02-26
sub_78054460,user_01545,created,free,0,2025-02-13
sub_29578165,user_01546,created,pro,49,2025-03-01
sub_64015895,user_01546,upgraded,enterprise,149,2025-11-07
sub_71622676,user_01547,created,free,0,2025-12-03
sub_10422352,user_01548,created,free,0,2025-03-08
sub_35144944,user_01549,created,enterprise,149,2025-09-21
sub_90189162,user_01550,created,pro,49,2025-05-14
sub_57356745,user_01550,cancelled,pro,0,2025-08-22
sub_6698934,user_01551,created,free,0,2025-05-23
sub_40899457,user_01552,created,free,0,2025-03-13
sub_65596062,user_01553,created,pro,49,2025-03-25
sub_86911803,user_01553,upgraded,enterprise,149,2025-07-01
sub_85240472,user_01554,created,pro,49,2025-06-07
sub_55105128,user_01554,cancelled,pro,0,2025-07-30
sub_98923727,user_01555,created,free,0,2025-02-06
sub_12598111,user_01556,created,enterprise,149,2025-04-06
sub_39406327,user_01557,created,pro,49,2025-04-11
sub_29813647,user_01557,cancelled,pro,0,2025-11-20
sub_61151032,user_01558,created,free,0,2025-05-25
sub_67805296,user_01559,created,pro,49,2025-05-24
sub_70135512,user_01559,cancelled,pro,0,2025-07-03
sub_35154848,user_01561,created,pro,49,2025-01-26
sub_37018238,user_01561,upgraded,enterprise,149,2025-04-01
sub_28491560,user_01562,created,enterprise,149,2025-03-14
sub_61342391,user_01563,created,free,0,2025-04-04
sub_6875885,user_01564,created,enterprise,149,2025-03-01
sub_53174284,user_01565,created,pro,49,2025-01-02
sub_97675803,user_01566,created,enterprise,149,2025-03-09
sub_50355335,user_01567,created,pro,49,2025-03-25
sub_11053419,user_01567,upgraded,enterprise,149,2025-05-09
sub_72777174,user_01568,created,free,0,2025-04-05
sub_60582159,user_01569,created,free,0,2025-02-28
sub_87486496,user_01570,created,pro,49,2025-03-27
sub_47164472,user_01571,created,free,0,2025-03-26
sub_55785959,user_01572,created,free,0,2025-01-26
sub_34414393,user_01573,created,enterprise,149,2025-04-04
sub_55578734,user_01573,cancelled,enterprise,0,2025-12-29
sub_62727169,user_01574,created,pro,49,2025-04-07
sub_17632666,user_01575,created,enterprise,149,2025-05-25
sub_91192435,user_01576,created,free,0,2025-11-04
sub_52036138,user_01577,created,free,0,2025-04-02
sub_31385480,user_01577,upgraded,pro,49,2025-11-16
sub_54241700,user_01578,created,free,0,2025-02-26
sub_74283162,user_01579,created,pro,49,2025-05-22
sub_9011856,user_01579,cancelled,pro,0,2025-09-23
sub_49357629,user_01580,created,free,0,2025-09-30
sub_88465799,user_01581,created,free,0,2025-11-11
sub_39853891,user_01582,created,free,0,2025-01-26
sub_93148019,user_01582,upgraded,pro,49,2025-07-30
sub_11694111,user_01583,created,free,0,2025-04-30
sub_69721709,user_01584,created,pro,49,2025-05-16
sub_50031940,user_01585,created,pro,49,2025-01-12
sub_69461592,user_01585,upgraded,enterprise,149,2025-02-14
sub_81729035,user_01586,created,enterprise,149,2025-02-24
sub_76672330,user_01587,created,free,0,2025-03-12
sub_4504087,user_01588,created,enterprise,149,2025-02-24
sub_8027625,user_01588,downgraded,pro,49,2025-06-14
sub_20018938,user_01589,created,free,0,2025-04-06
sub_60775326,user_01590,created,pro,49,2025-05-13
sub_63804147,user_01591,created,pro,49,2025-05-21
sub_93385736,user_01592,created,free,0,2025-03-16
sub_22405926,user_01593,created,enterprise,149,2025-05-08
sub_77425465,user_01594,created,pro,49,2025-04-17
sub_14763486,user_01595,created,free,0,2025-01-30
sub_1488873,user_01595,upgraded,pro,49,2025-03-19
sub_69393678,user_01596,created,enterprise,149,2025-10-22
sub_41347842,user_01597,created,enterprise,149,2025-01-23
sub_44898716,user_01598,created,pro,49,2025-04-08
sub_5504228,user_01598,upgraded,enterprise,149,2025-07-14
sub_93617443,user_01599,created,free,0,2025-01-26
sub_60991492,user_01600,created,enterprise,149,2025-04-14
sub_87216300,user_01601,created,pro,49,2025-05-30
sub_75443709,user_01602,created,free,0,2025-01-01
sub_51681710,user_01602,upgraded,pro,49,2025-02-17
sub_2742587,user_01603,created,pro,49,2025-11-04
sub_38930648,user_01604,created,pro,49,2025-02-22
sub_31700602,user_01605,created,free,0,2025-02-26
sub_48766793,user_01606,created,pro,49,2025-01-11
sub_55283939,user_01607,created,pro,49,2025-03-09
sub_57499502,user_01607,upgraded,enterprise,149,2025-12-27
sub_4464913,user_01608,created,pro,49,2025-12-10
sub_45293238,user_01609,created,pro,49,2025-01-12
sub_4899615,user_01610,created,free,0,2025-04-19
sub_30587363,user_01611,created,free,0,2025-09-25
sub_94742669,user_01612,created,free,0,2025-03-27
sub_33283131,user_01613,created,pro,49,2025-02-14
sub_59620458,user_01614,created,pro,49,2025-02-06
sub_35837349,user_01615,created,enterprise,149,2025-04-06
sub_57016466,user_01616,created,enterprise,149,2025-02-04
sub_79475703,user_01617,created,pro,49,2025-02-17
sub_68343137,user_01617,cancelled,pro,0,2025-09-04
sub_32970199,user_01618,created,free,0,2025-11-10
sub_28356720,user_01618,upgraded,pro,49,2025-12-31
sub_3630559,user_01619,created,pro,49,2025-01-03
sub_53198276,user_01620,created,free,0,2025-04-14
sub_64833468,user_01620,upgraded,pro,49,2025-06-12
sub_86518373,user_01621,created,enterprise,149,2025-03-07
sub_59060043,user_01621,downgraded,pro,49,2025-04-29
sub_89371814,user_01621,cancelled,pro,0,2025-11-01
sub_28318644,user_01622,created,enterprise,149,2025-04-20
sub_2986769,user_01623,created,free,0,2025-02-17
sub_54297985,user_01624,created,free,0,2025-01-09
sub_63216979,user_01625,created,free,0,2025-02-13
sub_94065560,user_01626,created,free,0,2025-02-25
sub_16138711,user_01626,upgraded,pro,49,2025-07-07
sub_73550461,user_01627,created,free,0,2025-01-22
sub_18205201,user_01628,created,free,0,2025-01-23
sub_24566728,user_01629,created,free,0,2025-04-14
sub_98636012,user_01630,created,free,0,2025-09-24
sub_24616876,user_01631,created,pro,49,2025-04-07
sub_56455962,user_01631,downgraded,free,0,2025-06-30
sub_55071226,user_01632,created,pro,49,2025-02-27
sub_63803737,user_01633,created,pro,49,2025-05-21
sub_77126347,user_01634,created,free,0,2025-05-22
sub_86217855,user_01635,created,free,0,2025-03-16
sub_37743271,user_01635,upgraded,pro,49,2025-07-25
sub_10909520,user_01636,created,pro,49,2025-03-22
sub_82451073,user_01637,created,pro,49,2025-04-17
sub_2166903,user_01638,created,pro,49,2025-04-23
sub_68706154,user_01638,downgraded,free,0,2025-07-07
sub_60682782,user_01639,created,enterprise,149,2025-02-09
sub_68194047,user_01640,created,free,0,2025-12-24
sub_86844604,user_01641,created,enterprise,149,2025-01-28
sub_68057340,user_01642,created,pro,49,2025-01-22
sub_57835480,user_01643,created,enterprise,149,2025-09-28
sub_44170628,user_01644,created,pro,49,2025-01-15
sub_29263489,user_01645,created,free,0,2025-01-16
sub_67428484,user_01646,created,pro,49,2025-02-05
sub_44223450,user_01647,created,free,0,2025-05-21
sub_90765111,user_01648,created,free,0,2025-05-05
sub_80234648,user_01649,created,pro,49,2025-03-24
sub_6266737,user_01650,created,free,0,2025-07-14
sub_51970557,user_01651,created,pro,49,2025-01-18
sub_63180068,user_01652,created,free,0,2025-02-12
sub_27547678,user_01652,upgraded,pro,49,2025-04-12
sub_76858591,user_01653,created,free,0,2025-05-05
sub_55661439,user_01654,created,free,0,2025-09-09
sub_27427437,user_01655,created,pro,49,2025-04-28
sub_40893447,user_01655,cancelled,pro,0,2025-09-17
sub_91232797,user_01656,created,free,0,2025-04-16
sub_22704265,user_01657,created,free,0,2025-05-01
sub_93465948,user_01658,created,pro,49,2025-04-21
sub_69127130,user_01659,created,free,0,2025-03-01
sub_93093350,user_01660,created,pro,49,2025-03-03
sub_82935461,user_01661,created,pro,49,2025-05-24
sub_67607486,user_01662,created,free,0,2025-01-08
sub_64636286,user_01663,created,enterprise,149,2025-02-06
sub_53660910,user_01664,created,enterprise,149,2025-03-04
sub_3230673,user_01665,created,pro,49,2025-03-11
sub_99574922,user_01665,upgraded,enterprise,149,2025-11-28
sub_42266854,user_01666,created,pro,49,2025-04-29
sub_85588023,user_01667,created,free,0,2025-01-03
sub_43305731,user_01667,upgraded,pro,49,2025-11-13
sub_2940347,user_01668,created,free,0,2025-03-30
sub_90025960,user_01669,created,free,0,2025-03-12
sub_85469933,user_01669,upgraded,pro,49,2025-11-23
sub_40625466,user_01670,created,enterprise,149,2025-04-02
sub_76638551,user_01671,created,free,0,2025-07-09
sub_18528804,user_01672,created,pro,49,2025-12-23
sub_18656118,user_01673,created,free,0,2025-05-13
sub_15830744,user_01673,upgraded,pro,49,2025-09-27
sub_93210093,user_01674,created,free,0,2025-05-06
sub_61124266,user_01675,created,free,0,2025-01-21
sub_7876259,user_01675,upgraded,pro,49,2025-05-13
sub_35213597,user_01676,created,free,0,2025-03-28
sub_86961235,user_01677,created,pro,49,2025-05-05
sub_75300766,user_01678,created,enterprise,149,2025-01-22
sub_56718726,user_01678,cancelled,enterprise,0,2025-07-03
sub_93973722,user_01679,created,free,0,2025-01-13
sub_10435361,user_01680,created,free,0,2025-03-30
sub_73157391,user_01680,upgraded,pro,49,2025-11-23
sub_53884756,user_01681,created,pro,49,2025-03-04
sub_91643057,user_01681,cancelled,pro,0,2025-09-27
sub_97078138,user_01682,created,free,0,2025-07-03
sub_59429182,user_01683,created,free,0,2025-05-04
sub_3991574,user_01683,upgraded,pro,49,2025-08-11
sub_54644729,user_01684,created,enterprise,149,2025-02-27
sub_52446135,user_01685,created,free,0,2025-02-20
sub_27639825,user_01686,created,free,0,2025-05-27
sub_25074424,user_01687,created,pro,49,2025-04-14
sub_8213084,user_01688,created,free,0,2025-08-10
sub_9358752,user_01689,created,pro,49,2025-05-10
sub_53984939,user_01689,upgraded,enterprise,149,2025-11-25
sub_21858604,user_01691,created,free,0,2025-09-19
sub_77561798,user_01692,created,enterprise,149,2025-05-05
sub_90753468,user_01693,created,free,0,2025-03-14
sub_1990453,user_01694,created,enterprise,149,2025-02-10
sub_63695246,user_01695,created,pro,49,2025-03-01
sub_25723881,user_01696,created,free,0,2025-03-10
sub_77875353,user_01696,upgraded,pro,49,2025-08-06
sub_78028056,user_01697,created,pro,49,2025-02-04
sub_23798326,user_01697,upgraded,enterprise,149,2025-12-30
sub_68312821,user_01698,created,free,0,2025-03-16
sub_82639155,user_01699,created,enterprise,149,2025-11-09
sub_10749781,user_01700,created,pro,49,2025-05-26
sub_90315632,user_01701,created,free,0,2025-03-23
sub_76054522,user_01702,created,enterprise,149,2025-04-02
sub_72008855,user_01703,created,pro,49,2025-09-08
sub_21439705,user_01704,created,free,0,2025-07-17
sub_65838904,user_01704,upgraded,pro,49,2025-12-15
sub_16105863,user_01705,created,enterprise,149,2025-01-01
sub_75410537,user_01706,created,enterprise,149,2025-03-14
sub_20658585,user_01707,created,free,0,2025-06-17
sub_56194219,user_01708,created,enterprise,149,2025-11-08
sub_94278280,user_01709,created,free,0,2025-03-09
sub_43333288,user_01709,upgraded,pro,49,2025-06-12
sub_27390284,user_01710,created,pro,49,2025-01-20
sub_31323789,user_01710,upgraded,enterprise,149,2025-12-14
sub_62230124,user_01711,created,enterprise,149,2025-03-18
sub_12138251,user_01712,created,free,0,2025-03-21
sub_61410132,user_01712,upgraded,pro,49,2025-05-17
sub_98990638,user_01713,created,free,0,2025-04-26
sub_815480,user_01714,created,free,0,2025-05-23
sub_71657967,user_01717,created,free,0,2025-04-26
sub_56759152,user_01718,created,free,0,2025-02-06
sub_41333822,user_01719,created,free,0,2025-01-05
sub_81972935,user_01719,upgraded,pro,49,2025-10-16
sub_35220681,user_01720,created,enterprise,149,2025-03-14
sub_23033865,user_01721,created,pro,49,2025-02-04
sub_54388397,user_01722,created,enterprise,149,2025-07-07
sub_78827718,user_01723,created,pro,49,2025-03-16
sub_39183084,user_01724,created,free,0,2025-03-12
sub_21170843,user_01725,created,pro,49,2025-01-17
sub_4054318,user_01725,cancelled,pro,0,2025-05-05
sub_27681981,user_01726,created,free,0,2025-01-18
sub_96363402,user_01727,created,enterprise,149,2025-03-19
sub_93342529,user_01728,created,free,0,2025-05-20
sub_79370781,user_01729,created,enterprise,149,2025-02-09
sub_71881946,user_01729,cancelled,enterprise,0,2025-03-31
sub_92202645,user_01730,created,free,0,2025-05-26
sub_89237139,user_01731,created,free,0,2025-03-25
sub_31462984,user_01732,created,enterprise,149,2025-01-07
sub_11690100,user_01733,created,enterprise,149,2025-05-06
sub_90539495,user_01733,downgraded,pro,49,2025-11-17
sub_31864002,user_01734,created,free,0,2025-03-04
sub_43867043,user_01735,created,free,0,2025-05-08
sub_40599103,user_01736,created,free,0,2025-05-14
sub_92219373,user_01737,created,enterprise,149,2025-03-04
sub_85863598,user_01739,created,free,0,2025-05-06
sub_80732507,user_01740,created,enterprise,149,2025-01-10
sub_92922822,user_01741,created,pro,49,2025-01-25
sub_2587407,user_01741,cancelled,pro,0,2025-08-05
sub_15160526,user_01742,created,free,0,2025-01-05
sub_37886575,user_01743,created,free,0,2025-03-20
sub_48156318,user_01744,created,enterprise,149,2025-01-19
sub_75910969,user_01744,cancelled,enterprise,0,2025-05-16
sub_81939357,user_01745,created,free,0,2025-03-09
sub_56176399,user_01746,created,enterprise,149,2025-05-16
sub_60349814,user_01747,created,free,0,2025-02-09
sub_3594894,user_01748,created,enterprise,149,2025-03-04
sub_51053921,user_01749,created,enterprise,149,2025-05-21
sub_80371508,user_01750,created,free,0,2025-12-04
sub_24109829,user_01751,created,free,0,2025-01-30
sub_8524087,user_01751,upgraded,pro,49,2025-07-29
sub_82802973,user_01752,created,pro,49,2025-08-15
sub_45631152,user_01753,created,enterprise,149,2025-12-11
sub_72290772,user_01754,created,pro,49,2025-02-16
sub_58946977,user_01755,created,free,0,2025-07-07
sub_25481359,user_01756,created,pro,49,2025-02-17
sub_267329,user_01757,created,free,0,2025-01-24
sub_49373927,user_01758,created,free,0,2025-01-21
sub_34690389,user_01758,upgraded,pro,49,2025-12-05
sub_81504812,user_01759,created,free,0,2025-04-08
sub_71202765,user_01759,upgraded,pro,49,2025-09-20
sub_21797774,user_01760,created,enterprise,149,2025-03-29
sub_36447411,user_01761,created,free,0,2025-03-24
sub_31138547,user_01762,created,pro,49,2025-01-21
sub_75351333,user_01763,created,pro,49,2025-01-06
sub_68803991,user_01764,created,free,0,2025-04-17
sub_99656548,user_01764,upgraded,pro,49,2025-07-10
sub_37303947,user_01765,created,pro,49,2025-03-25
sub_88407734,user_01766,created,pro,49,2025-01-10
sub_32931346,user_01767,created,pro,49,2025-02-04
sub_7288491,user_01767,upgraded,enterprise,149,2025-10-22
sub_93600052,user_01768,created,pro,49,2025-01-10
sub_19689483,user_01768,downgraded,free,0,2025-03-31
sub_93111915,user_01769,created,pro,49,2025-01-07
sub_91039151,user_01770,created,pro,49,2025-05-01
sub_99372239,user_01771,created,enterprise,149,2025-05-23
sub_10112592,user_01772,created,free,0,2025-02-09
sub_62533168,user_01772,upgraded,pro,49,2025-08-21
sub_97264793,user_01773,created,free,0,2025-02-06
sub_72313451,user_01773,upgraded,pro,49,2025-03-30
sub_14984878,user_01773,cancelled,pro,0,2025-07-31
sub_55604429,user_01774,created,free,0,2025-05-13
sub_63280434,user_01775,created,pro,49,2025-01-03
sub_67377022,user_01775,upgraded,enterprise,149,2025-03-25
sub_748986,user_01776,created,enterprise,149,2025-02-21
sub_51856982,user_01777,created,free,0,2025-08-15
sub_85096413,user_01778,created,pro,49,2025-01-04
sub_50587354,user_01778,upgraded,enterprise,149,2025-03-29
sub_86019216,user_01779,created,free,0,2025-10-29
sub_36383648,user_01780,created,enterprise,149,2025-03-10
sub_89029797,user_01781,created,enterprise,149,2025-01-03
sub_29768686,user_01782,created,pro,49,2025-05-14
sub_90972887,user_01783,created,enterprise,149,2025-09-14
sub_15287101,user_01783,cancelled,enterprise,0,2025-11-12
sub_46135978,user_01784,created,pro,49,2025-05-24
sub_86597256,user_01785,created,enterprise,149,2025-03-17
sub_70827223,user_01786,created,pro,49,2025-09-21
sub_77832640,user_01787,created,free,0,2025-05-12
sub_6953155,user_01788,created,free,0,2025-04-18
sub_13818540,user_01789,created,free,0,2025-02-17
sub_50950884,user_01790,created,pro,49,2025-01-02
sub_87307475,user_01791,created,pro,49,2025-02-26
sub_33903095,user_01791,cancelled,pro,0,2025-05-18
sub_77969595,user_01792,created,free,0,2025-02-27
sub_97000908,user_01793,created,free,0,2025-02-17
sub_88338052,user_01794,created,free,0,2025-01-01
sub_19047759,user_01795,created,pro,49,2025-07-14
sub_87784963,user_01796,created,free,0,2025-05-23
sub_68585556,user_01797,created,free,0,2025-03-10
sub_12502867,user_01798,created,enterprise,149,2025-02-08
sub_44099593,user_01799,created,pro,49,2025-03-26
sub_197662,user_01799,cancelled,pro,0,2025-09-18
sub_26805045,user_01800,created,free,0,2025-02-08
sub_60232661,user_01801,created,free,0,2025-01-17
sub_6225199,user_01802,created,free,0,2025-03-26
sub_15359560,user_01802,upgraded,pro,49,2025-06-29
sub_63881463,user_01803,created,pro,49,2025-03-25
sub_7301338,user_01804,created,enterprise,149,2025-01-11
sub_80406762,user_01804,downgraded,pro,49,2025-06-30
sub_20948155,user_01804,upgraded,enterprise,149,2025-09-04
sub_55333444,user_01805,created,pro,49,2025-02-28
sub_84665987,user_01805,cancelled,pro,0,2025-05-08
sub_40043028,user_01806,created,free,0,2025-03-18
sub_5708452,user_01807,created,free,0,2025-02-02
sub_59896880,user_01808,created,pro,49,2025-08-08
sub_6432263,user_01809,created,pro,49,2025-09-19
sub_27324996,user_01810,created,free,0,2025-04-07
sub_4172537,user_01811,created,free,0,2025-12-30
sub_68877515,user_01812,created,free,0,2025-01-01
sub_84436892,user_01813,created,pro,49,2025-01-21
sub_72399892,user_01814,created,free,0,2025-04-27
sub_4220539,user_01814,upgraded,pro,49,2025-07-28
sub_69468597,user_01815,created,free,0,2025-09-22
sub_85982813,user_01816,created,free,0,2025-02-05
sub_8803339,user_01817,created,free,0,2025-02-26
sub_60969959,user_01818,created,free,0,2025-02-23
sub_21385451,user_01819,created,free,0,2025-02-27
sub_53970447,user_01820,created,free,0,2025-02-28
sub_20162541,user_01820,upgraded,pro,49,2025-08-11
sub_70959857,user_01821,created,enterprise,149,2025-07-01
sub_22227046,user_01821,downgraded,pro,49,2025-10-25
sub_80616304,user_01822,created,pro,49,2025-05-19
sub_55649232,user_01823,created,pro,49,2025-02-03
sub_73855692,user_01823,downgraded,free,0,2025-10-16
sub_23334187,user_01824,created,free,0,2025-01-28
sub_87413588,user_01825,created,pro,49,2025-09-08
sub_39726089,user_01826,created,pro,49,2025-04-09
sub_40150882,user_01827,created,free,0,2025-04-23
sub_70676013,user_01828,created,free,0,2025-05-23
sub_43788396,user_01828,upgraded,pro,49,2025-07-30
sub_4052129,user_01829,created,free,0,2025-07-05
sub_88652603,user_01829,upgraded,pro,49,2025-09-30
sub_2582423,user_01830,created,pro,49,2025-03-09
sub_61423841,user_01831,created,free,0,2025-02-18
sub_19770964,user_01832,created,enterprise,149,2025-01-06
sub_69302000,user_01832,cancelled,enterprise,0,2025-04-21
sub_68134603,user_01833,created,pro,49,2025-05-04
sub_88552975,user_01834,created,free,0,2025-05-12
sub_77772948,user_01835,created,pro,49,2025-11-11
sub_45483577,user_01836,created,free,0,2025-05-10
sub_75825889,user_01837,created,pro,49,2025-03-21
sub_24676025,user_01837,downgraded,free,0,2025-09-30
sub_86112206,user_01838,created,pro,49,2025-05-22
sub_86818181,user_01840,created,free,0,2025-06-20
sub_62669837,user_01841,created,free,0,2025-04-11
sub_84737809,user_01842,created,free,0,2025-04-15
sub_36991759,user_01844,created,enterprise,149,2025-02-16
sub_11920858,user_01845,created,pro,49,2025-01-22
sub_10101490,user_01846,created,free,0,2025-02-20
sub_56230298,user_01846,upgraded,pro,49,2025-12-23
sub_72455682,user_01847,created,free,0,2025-05-23
sub_292894,user_01848,created,enterprise,149,2025-04-20
sub_56771729,user_01848,cancelled,enterprise,0,2025-10-11
sub_79502034,user_01849,created,pro,49,2025-08-21
sub_91995913,user_01850,created,pro,49,2025-04-16
sub_15077116,user_01850,upgraded,enterprise,149,2025-08-24
sub_96533731,user_01851,created,free,0,2025-05-07
sub_80509268,user_01852,created,free,0,2025-01-11
sub_51657510,user_01853,created,free,0,2025-05-24
sub_14787933,user_01854,created,free,0,2025-09-28
sub_23017065,user_01856,created,free,0,2025-01-12
sub_63384034,user_01857,created,pro,49,2025-05-26
sub_54511793,user_01858,created,free,0,2025-01-30
sub_52601689,user_01859,created,pro,49,2025-03-09
sub_17774682,user_01860,created,pro,49,2025-04-03
sub_2087889,user_01861,created,pro,49,2025-03-21
sub_74822264,user_01862,created,pro,49,2025-05-23
sub_4441749,user_01863,created,pro,49,2025-04-16
sub_71186905,user_01864,created,pro,49,2025-08-30
sub_17913889,user_01864,upgraded,enterprise,149,2025-12-30
sub_2247218,user_01865,created,free,0,2025-07-22
sub_32226715,user_01866,created,free,0,2025-11-03
sub_83872717,user_01867,created,pro,49,2025-01-09
sub_16112420,user_01868,created,enterprise,149,2025-02-28
sub_61242137,user_01869,created,pro,49,2025-05-30
sub_7626061,user_01870,created,free,0,2025-02-09
sub_85309140,user_01871,created,pro,49,2025-01-07
sub_23519007,user_01872,created,free,0,2025-12-19
sub_56543141,user_01873,created,free,0,2025-08-30
sub_26121230,user_01874,created,enterprise,149,2025-05-21
sub_90263815,user_01875,created,pro,49,2025-05-20
sub_35508991,user_01876,created,free,0,2025-02-16
sub_37662975,user_01877,created,pro,49,2025-02-18
sub_36147988,user_01877,downgraded,free,0,2025-07-20
sub_29305371,user_01878,created,free,0,2025-02-23
sub_43763511,user_01879,created,pro,49,2025-04-21
sub_79841041,user_01880,created,free,0,2025-03-27
sub_51202075,user_01881,created,free,0,2025-04-19
sub_84585900,user_01882,created,pro,49,2025-04-29
sub_87370471,user_01882,upgraded,enterprise,149,2025-11-02
sub_24680012,user_01883,created,free,0,2025-02-23
sub_86157718,user_01883,upgraded,pro,49,2025-05-10
sub_33968059,user_01884,created,enterprise,149,2025-01-29
sub_44829778,user_01885,created,pro,49,2025-02-05
sub_70051006,user_01885,upgraded,enterprise,149,2025-04-10
sub_91330708,user_01886,created,free,0,2025-05-20
sub_65035598,user_01887,created,pro,49,2025-03-10
sub_787815,user_01888,created,pro,49,2025-01-16
sub_10901565,user_01889,created,pro,49,2025-03-05
sub_23977018,user_01889,cancelled,pro,0,2025-12-08
sub_1469955,user_01890,created,free,0,2025-02-25
sub_98755350,user_01891,created,pro,49,2025-05-26
sub_39625783,user_01892,created,free,0,2025-01-09
sub_88841927,user_01893,created,enterprise,149,2025-02-11
sub_88281668,user_01893,downgraded,pro,49,2025-04-22
sub_19140008,user_01894,created,pro,49,2025-01-13
sub_40031322,user_01895,created,enterprise,149,2025-12-30
sub_21784381,user_01896,created,pro,49,2025-07-24
sub_88265529,user_01897,created,enterprise,149,2025-02-07
sub_50188705,user_01898,created,enterprise,149,2025-05-30
sub_28850050,user_01899,created,pro,49,2025-02-14
sub_54736922,user_01900,created,pro,49,2025-04-19
sub_80083793,user_01901,created,free,0,2025-03-23
sub_2492068,user_01902,created,pro,49,2025-06-08
sub_78593456,user_01903,created,free,0,2025-05-13
sub_12082920,user_01903,upgraded,pro,49,2025-08-12
sub_20966164,user_01904,created,pro,49,2025-01-29
sub_29907588,user_01905,created,free,0,2025-01-24
sub_61542767,user_01906,created,free,0,2025-11-20
sub_48886373,user_01907,created,enterprise,149,2025-04-13
sub_33372435,user_01908,created,free,0,2025-04-19
sub_1201911,user_01909,created,free,0,2025-12-15
sub_24513473,user_01910,created,enterprise,149,2025-05-18
sub_73996877,user_01911,created,pro,49,2025-04-03
sub_35736829,user_01911,cancelled,pro,0,2025-06-25
sub_76487490,user_01912,created,pro,49,2025-01-02
sub_60579061,user_01913,created,pro,49,2025-02-04
sub_54367447,user_01914,created,free,0,2025-03-08
sub_94518266,user_01914,upgraded,pro,49,2025-11-23
sub_7891837,user_01915,created,free,0,2025-05-28
sub_33544444,user_01916,created,pro,49,2025-02-24
sub_81878836,user_01916,downgraded,free,0,2025-05-10
sub_50562841,user_01917,created,free,0,2025-01-24
sub_87110687,user_01918,created,enterprise,149,2025-04-23
sub_60244877,user_01919,created,free,0,2025-09-16
sub_103235,user_01920,created,enterprise,149,2025-01-08
sub_17697837,user_01921,created,free,0,2025-01-11
sub_39412227,user_01922,created,free,0,2025-07-22
sub_32518680,user_01923,created,enterprise,149,2025-12-23
sub_50389714,user_01924,created,enterprise,149,2025-01-27
sub_42714131,user_01925,created,pro,49,2025-03-28
sub_17845268,user_01926,created,pro,49,2025-05-03
sub_92570744,user_01926,cancelled,pro,0,2025-07-06
sub_41384518,user_01928,created,free,0,2025-09-01
sub_5640988,user_01929,created,pro,49,2025-03-27
sub_47235322,user_01929,upgraded,enterprise,149,2025-07-02
sub_47628477,user_01930,created,pro,49,2025-02-06
sub_29837391,user_01931,created,enterprise,149,2025-01-18
sub_93737822,user_01931,downgraded,pro,49,2025-10-30
sub_57031028,user_01932,created,pro,49,2025-04-19
sub_34338557,user_01932,downgraded,free,0,2025-11-09
sub_67274241,user_01933,created,free,0,2025-04-30
sub_10624566,user_01933,upgraded,pro,49,2025-07-24
sub_93940641,user_01935,created,free,0,2025-05-03
sub_71509657,user_01936,created,free,0,2025-02-12
sub_59004183,user_01937,created,free,0,2025-05-09
sub_49286995,user_01938,created,pro,49,2025-03-09
sub_37363712,user_01939,created,free,0,2025-05-14
sub_91223719,user_01940,created,free,0,2025-11-01
sub_2183498,user_01941,created,free,0,2025-03-27
sub_32624513,user_01942,created,free,0,2025-02-12
sub_53701561,user_01943,created,enterprise,149,2025-04-22
sub_94178752,user_01943,cancelled,enterprise,0,2025-09-11
sub_36504170,user_01944,created,free,0,2025-04-15
sub_68453832,user_01945,created,enterprise,149,2025-05-10
sub_73388153,user_01946,created,enterprise,149,2025-02-08
sub_19712584,user_01947,created,free,0,2025-12-20
sub_15952641,user_01948,created,enterprise,149,2025-01-15
sub_47281975,user_01949,created,free,0,2025-01-17
sub_96213926,user_01950,created,free,0,2025-05-14
sub_76498139,user_01951,created,enterprise,149,2025-01-26
sub_60635467,user_01951,cancelled,enterprise,0,2025-12-23
sub_66895856,user_01952,created,pro,49,2025-05-21
sub_33389301,user_01953,created,pro,49,2025-07-30
sub_69494015,user_01954,created,enterprise,149,2025-04-28
sub_49585220,user_01955,created,free,0,2025-03-31
sub_37103850,user_01956,created,free,0,2025-03-25
sub_95603313,user_01957,created,pro,49,2025-05-17
sub_53695915,user_01958,created,free,0,2025-10-10
sub_55178770,user_01959,created,enterprise,149,2025-04-23
sub_20437354,user_01960,created,free,0,2025-04-20
sub_26519478,user_01961,created,free,0,2025-02-02
sub_17068887,user_01962,created,free,0,2025-01-17
sub_30980281,user_01962,upgraded,pro,49,2025-10-04
sub_57430092,user_01963,created,free,0,2025-04-06
sub_5159379,user_01964,created,pro,49,2025-05-14
sub_51158360,user_01965,created,pro,49,2025-05-27
sub_54120903,user_01966,created,free,0,2025-05-07
sub_62222360,user_01966,upgraded,pro,49,2025-12-08
sub_81110324,user_01967,created,pro,49,2025-06-15
sub_83876605,user_01968,created,free,0,2025-05-26
sub_70993070,user_01969,created,pro,49,2025-03-24
sub_54727631,user_01970,created,free,0,2025-02-27
sub_38078080,user_01971,created,pro,49,2025-03-14
sub_78558599,user_01972,created,enterprise,149,2025-02-09
sub_9890525,user_01973,created,enterprise,149,2025-02-10
sub_17360763,user_01974,created,free,0,2025-03-22
sub_50040826,user_01975,created,free,0,2025-02-06
sub_78044498,user_01976,created,pro,49,2025-01-12
sub_41662785,user_01977,created,free,0,2025-02-13
sub_76094420,user_01978,created,pro,49,2025-03-24
sub_65042161,user_01978,downgraded,free,0,2025-07-09
sub_89466466,user_01979,created,pro,49,2025-08-06
sub_23377989,user_01980,created,free,0,2025-02-12
sub_18104420,user_01981,created,pro,49,2025-04-12
sub_6777688,user_01982,created,enterprise,149,2025-10-14
sub_34436550,user_01983,created,enterprise,149,2025-02-15
sub_24963860,user_01984,created,enterprise,149,2025-04-03
sub_81179203,user_01985,created,free,0,2025-03-27
sub_70388454,user_01986,created,free,0,2025-01-23
sub_51935763,user_01987,created,free,0,2025-05-18
sub_24765706,user_01988,created,free,0,2025-11-24
sub_22251361,user_01989,created,free,0,2025-08-06
sub_55127108,user_01990,created,free,0,2025-02-04
sub_75655250,user_01991,created,pro,49,2025-03-25
sub_83199234,user_01992,created,enterprise,149,2025-05-26
sub_17288702,user_01993,created,pro,49,2025-01-02
sub_1487083,user_01993,cancelled,pro,0,2025-10-13
sub_51517012,user_01994,created,enterprise,149,2025-07-15
sub_55962468,user_01994,downgraded,pro,49,2025-11-03
sub_53439478,user_01995,created,free,0,2025-03-19
sub_9753797,user_01996,created,free,0,2025-11-16
sub_60895240,user_01997,created,pro,49,2025-04-02
sub_76396187,user_01998,created,free,0,2025-05-19
sub_78303546,user_01999,created,free,0,2025-01-24
sub_54785183,user_01999,upgraded,pro,49,2025-03-31
sub_23745896,user_02000,created,enterprise,149,2025-04-18
