user_id,email,full_name,company_name,industry,company_size,country,plan,signup_date
user_00001,johnsonjoshua@example.org,Brian Yang,"Miller, Henderson and Johnson",Media,11-50,GB,pro,2025-01-05
user_00002,jesseguzman@example.net,Matthew Gardner,Cole LLC,E-commerce,500+,BR,pro,2025-09-20
user_00003,blakeerik@example.com,Christopher Bernard,Garcia-James,Marketing Agency,500+,AU,free,2025-01-19
user_00004,melanie94@example.org,Kimberly Dudley,Miller-Carter,Media,201-500,DE,pro,2025-09-30
user_00005,barbara10@example.net,Dylan Miller,Delacruz Group,SaaS,201-500,FR,pro,2025-01-03
user_00006,shawn52@example.com,Michael Miles,"Wong, Lynch and Jackson",Education,1-10,CA,enterprise,2025-02-11
user_00007,FRANKGRAY@EXAMPLE.NET,Colleen Nguyen,Perez Inc,Non-profit,1-10,IN,enterprise,2025-03-11
user_00008,richard13@example.net,Emily Rios,Wilkerson-Day,Non-profit,500+,FR,free,2025-03-15
user_00009,josephwright@example.net,Nicole Patterson,"Ross, Robinson and Bright",Media,51-200,CA,free,2025-05-17
user_00010,ddavis@example.org,Christopher Becker,"Brown, James and Ferrell",Non-profit,201-500,FR,free,2025-12-03
user_00011,tasha01@example.net,Nicole Mack,Rodriguez-Graham,Non-profit,1-10,GB,free,2025-03-10
user_00012,usmith@example.net,Jonathan White,Harrell LLC,Healthcare,51-200,AU,free,2025-02-17
user_00013,ericfarmer@example.net,Tammy Sellers,"Nguyen, Smith and Hickman",Media,1-10,FR,pro,2025-05-30
user_00014,john39@example.org,John Jones,"Cannon, Anderson and Alvarez",Education,11-50,IN,free,2025-01-13
user_00015,josephbrennan@example.com,Tanya Campos,"Harris, Collins and Carney",Non-profit,11-50,AU,pro,2025-05-05
user_00016,samuel87@example.org,Austin Smith,"Hall, Robinson and Jones",Healthcare,500+,BR,free,2025-07-29
user_00017,perezrebecca@example.com,David Caldwell,Ryan Ltd,E-commerce,1-10,CA,pro,2025-01-27
user_00018,esanchez@example.com,Brent Jordan,Jenkins-Shields,Healthcare,500+,CA,pro,2025-02-01
user_00019,nuneztracey@example.org,Nicholas Mcbride,Wright and Sons,Non-profit,500+,US,enterprise,2025-04-26
user_00020,ltaylor@example.com,Shannon Jones,"Garcia, Pearson and Fernandez",Non-profit,51-200,CA,pro,2025-01-23
user_00021,novaksara@example.org,John Lewis,Barrera-Martin,Non-profit,500+,GB,pro,2025-01-31
user_00022,gallowayjoseph@example.com,Michael Cross,,Non-profit,500+,AU,enterprise,2025-01-21
user_00023,tanyariley@example.net,Erik Williams,Shaw-Farrell,Marketing Agency,500+,FR,free,2025-05-29
user_00024,brianromero@example.org,Barry Hensley,Wilson-Zamora,Non-profit,11-50,US,enterprise,2025-01-22
user_00025,bethwilliams@example.org,Kevin Mills,Harris-Moran,E-commerce,201-500,CA,enterprise,2025-04-21
user_00026,josephanderson@example.net,Eugene Walton,Smith PLC,SaaS,201-500,GB,pro,2025-07-26
user_00027,jonesjason@example.com,Gregory Jones,Wood and Sons,Media,500+,AU,free,2025-04-28
user_00028,tbass@example.com,Victoria Valdez,Contreras PLC,Education,201-500,IN,enterprise,2025-06-04
user_00029,sarah12@example.com,Brian Tran,Campbell-Clark,Marketing Agency,500+,AU,free,2025-02-13
user_00030,james48@example.com,Terry Williams,"Henderson, Hill and Smith",Marketing Agency,11-50,CA,free,
user_00031,danagreen@example.net,Michael Hoffman,Jones Ltd,Media,51-200,IN,free,2025-11-30
user_00032,amydavenport@example.net,Jessica Williams,Nolan-Flynn,Finance,11-50,IN,pro,2025-01-26
user_00033,nolanjason@example.org,Heather Castro,Dickson-Brady,Healthcare,51-200,BR,free,2025-03-15
user_00034,michellecherry@example.org,Allison Doyle,Patton-Jenkins,E-commerce,1-10,BR,free,2025-05-22
user_00035,josephcobb@example.org,Andrew Ruiz,Velasquez Group,Media,11-50,AU,enterprise,2025-11-07
user_00036,kevin33@example.org,Jennifer Ramirez,Rasmussen LLC,Non-profit,201-500,AU,free,2025-01-28
user_00037,darlene68@example.com,Ashley Waller,Carpenter LLC,E-commerce,1-10,US,free,2025-01-30
user_00038,rodriguezryan@example.net,Jessica Joyce,Cruz PLC,Media,11-50,BR,pro,2025-12-26
user_00039,jonathanfletcher@example.org,Renee Mcdaniel,"Mclaughlin, Gonzalez and Reynolds",Marketing Agency,11-50,BR,enterprise,2025-02-11
user_00040,cindy14@example.net,Jason Powell,Spencer-Lee,Finance,51-200,BR,free,2025-03-17
user_00041,lbyrd@example.net,Jennifer Bass,Mitchell-Jordan,Finance,11-50,AU,enterprise,2025-05-22
user_00042,steven73@example.net,Steven Flynn,,Marketing Agency,51-200,US,pro,2025-01-12
user_00043,clarence34@example.org,Brittany Williams,Carr-Mack,SaaS,1-10,CA,pro,2025-04-03
user_00044,operry@example.net,Michael Snyder,Hernandez Ltd,Media,201-500,CA,pro,2025-01-27
user_00045,staffordmichelle@example.org,Colleen Brock,"Holmes, Williams and Wright",Marketing Agency,500+,CA,free,2025-08-10
user_00046,bryantlaurie@example.net,Kristin Stewart,Salazar-Ball,Education,51-200,AU,pro,2025-04-24
user_00047,jrivas@example.com,Natasha Wells,Walton-Larsen,Healthcare,11-50,DE,free,2025-03-03
user_00048,katie87@example.net,Jeremiah Reeves,Nelson LLC,Marketing Agency,201-500,CA,enterprise,2025-05-26
user_00049,taylorjesse@example.net,Daniel Perry,Daniels-Perry,SaaS,51-200,CA,pro,2025-02-11
user_00050,marissaprice@example.net,Alicia Gilmore,"James, Smith and Bell",Finance,500+,DE,free,2025-05-24
user_00051,acastaneda@example.net,Kimberly Morrison,Freeman LLC,Non-profit,1-10,GB,pro,2025-05-07
user_00052,ytucker@example.com,Rebecca Ramsey,Calhoun-Hooper,SaaS,51-200,DE,pro,2025-01-21
user_00053,meadowsbrittany@example.net,Marvin Taylor,White-Green,Non-profit,500+,IN,free,2025-05-20
user_00054,jason55@example.com,Trevor Fisher,Ruiz Ltd,Healthcare,51-200,US,free,2025-01-10
user_00055,cookemichael@example.net,Tyler Williams,Herring and Sons,Non-profit,11-50,IN,free,2025-05-30
user_00056,howelljohn@example.com,Kristy Robinson,"Scott, Wood and Obrien",E-commerce,1-10,GB,pro,2025-03-25
user_00057,stricklandfrank@example.com,Alexander Collins,"Odonnell, Brooks and David",SaaS,201-500,GB,pro,2025-03-13
user_00058,charlesvaughn@example.net,Michael Turner,"Burke, Martinez and Riggs",Marketing Agency,51-200,AU,enterprise,2025-03-12
user_00059,reedross@example.com,Matthew Smith,Short-Garcia,Healthcare,500+,GB,free,2025-05-10
user_00060,cynthia72@example.com,Joseph Santos,"Morton, Medina and Webb",SaaS,201-500,US,enterprise,2025-04-02
user_00061,lpetersen@example.com,David Michael,Keith-Sanchez,Healthcare,11-50,DE,pro,2025-03-06
user_00062,qhudson@example.com,Johnny Nguyen,Lewis-Salinas,Marketing Agency,201-500,AU,free,2025-05-17
user_00063,joshua94@example.net,Travis Miller,"Russell, Peters and Allen",Media,11-50,US,free,2025-03-31
user_00064,fbrewer@example.com,Anna Walker,"Sanchez, Beck and Wood",E-commerce,51-200,FR,free,2025-03-19
user_00065,ronald85@example.com,Denise King,Griffith LLC,Education,1-10,CA,pro,2025-03-19
user_00066,newtonstephanie@example.net,Daniel Washington,"Lawrence, Wolf and Carlson",Non-profit,1-10,CA,free,2025-04-12
user_00067,wallkenneth@example.com,Adrian Ferguson,Williams-Brown,Education,201-500,CA,pro,2025-03-09
user_00068,heidi27@example.org,Laura Harrison,Peterson-Sheppard,Marketing Agency,201-500,US,free,2025-04-22
user_00069,shelley71@example.org,Benjamin Soto,Hernandez PLC,Media,51-200,BR,pro,2025-04-15
user_00070,christopher31@example.net,Lisa Gibbs,Rowe Group,Education,1-10,DE,enterprise,2025-05-09
user_00071,tkerr@example.net,Elizabeth Oliver DDS,"Garcia, Farmer and Garrett",Healthcare,51-200,GB,free,2025-05-10
user_00072,donna23@example.org,Brooke Ortiz,"Wheeler, Carter and Hall",SaaS,500+,DE,enterprise,2025-05-10
user_00073,jacqueline71@example.net,Dennis Moody,"Guerrero, Peck and Coleman",Media,201-500,FR,free,2025-01-01
user_00074,deborahkerr@example.org,Christopher Parker,"Holloway, Morse and Gonzales",Finance,11-50,CA,pro,2025-03-27
user_00075,sbarker@example.com,Kathryn Snyder,George Group,Education,1-10,AU,pro,2025-05-09
user_00076,cassandra01@example.org,Sara Johnston,Key Ltd,SaaS,1-10,US,enterprise,2025-02-13
user_00077,barbara27@example.net,Sydney White,"Graham, Olsen and Costa",E-commerce,201-500,BR,pro,2025-04-03
user_00078,vbailey@example.com,Shannon Rivera,"Simpson, Bates and Morales",Healthcare,201-500,BR,free,2025-08-12
user_00079,gibsonleonard@example.com,Raymond Hancock,Sandoval PLC,E-commerce,201-500,AU,pro,2025-05-08
user_00080,mgutierrez@example.net,Peter Garrett,Harris PLC,Marketing Agency,500+,AU,pro,2025-05-16
user_00081,sarakim@example.net,Mr. Mark Lloyd,"Moore, Pierce and Tran",Finance,500+,FR,pro,2025-02-17
user_00082,walkermaureen@example.org,Bruce Collier,Cantu-Carter,Healthcare,500+,IN,free,2025-12-13
user_00083,robert77@example.org,Charles Lee,"Romero, Suarez and Shields",Finance,51-200,AU,enterprise,2025-10-16
user_00084,kendra65@example.net,Aaron Barber,"Carpenter, Keller and Grimes",Finance,11-50,DE,pro,2025-04-18
user_00085,wryan@example.com,Kimberly Gibson,Kane-Pollard,Non-profit,51-200,FR,free,2025-05-19
user_00086,ashleyhall@example.com,Patrick Thornton,Hughes-Alvarado,Media,201-500,GB,free,2025-02-01
user_00087,tylerjohnson@example.net,Evelyn Garcia,Garcia-Lozano,Education,500+,IN,free,2025-01-25
user_00088,bowenrobert@example.net,Angela Harrington,Morgan-Schwartz,Healthcare,500+,US,enterprise,2025-02-10
user_00089,christianmelissa@example.net,Eugene Higgins,Brennan-Johnson,Finance,1-10,FR,pro,2025-10-25
user_00090,younggabrielle@example.com,Nicole Hamilton MD,"Padilla, Garcia and Jackson",Healthcare,500+,AU,enterprise,2025-03-17
user_00091,rebecca05@example.org,James Thomas,"Jenkins, Maldonado and White",Marketing Agency,201-500,FR,free,2025-02-22
user_00092,CHRISTIANPITTS@EXAMPLE.NET,Kathleen Aguilar,Murray LLC,Finance,11-50,US,pro,2025-03-20
user_00093,ascott@example.com,Megan Moore,Landry-Huerta,Marketing Agency,1-10,BR,pro,2025-08-18
user_00094,danielle64@example.com,Christina Cruz,Rodriguez-James,Non-profit,201-500,FR,free,2025-03-31
user_00095,bailey40@example.net,Adam Grimes,"Beltran, Lozano and Mcgee",Healthcare,51-200,BR,free,2025-03-05
user_00096,kimberly39@example.com,Connor King,"Saunders, Becker and Taylor",Marketing Agency,51-200,AU,pro,2025-01-16
user_00097,bergerdebbie@example.com,Amanda Diaz,Davis LLC,Marketing Agency,11-50,AU,free,2025-05-07
user_00098,julie23@example.org,Sherri Diaz,"Mcintyre, Rivas and Scott",SaaS,201-500,CA,free,2025-08-30
user_00099,scoffey@example.net,Regina Mcdonald,Taylor and Sons,Non-profit,51-200,GB,pro,2025-02-12
user_00100,zcoffey@example.net,Richard Smith,"Martinez, Richardson and Curry",SaaS,51-200,CA,pro,2025-05-26
user_00101,brenda51@example.net,Alexander Henson,"Murphy, Bishop and Holland",Healthcare,201-500,AU,pro,2025-03-02
user_00102,tblankenship@example.net,Charles Shah,Ferrell-Wilson,Media,1-10,DE,enterprise,2025-05-15
user_00103,paigetaylor@example.com,Travis Horton,"Barnes, Newton and Moore",Marketing Agency,51-200,BR,enterprise,2025-08-22
user_00104,fpena@example.net,Trevor Johnson,Robinson-Wallace,Education,1-10,BR,pro,2025-01-14
user_00105,melissagarcia@example.net,Steven Newman,Sanders and Sons,Education,201-500,GB,free,2025-02-10
user_00106,rushmadison@example.org,Maria Harper,Williams LLC,Non-profit,500+,IN,pro,2025-05-23
user_00107,vanessabuchanan@example.org,Phillip Clark,Li and Sons,Education,11-50,CA,pro,2025-05-22
user_00108,kim90@example.com,Brianna Anderson,Lindsey-Rodriguez,Finance,500+,BR,free,2025-03-29
user_00109,andersonmichael@example.org,Alexis Baker,Harmon PLC,SaaS,201-500,AU,enterprise,2025-04-06
user_00110,reesethomas@example.com,Ashley Gordon,"Williams, Logan and Camacho",Non-profit,500+,US,free,2025-02-20
user_00111,stephen00@example.com,Jessica Rodriguez,"Browning, Jones and Miller",Healthcare,201-500,AU,free,2025-02-07
user_00112,cameronhill@example.net,Michelle James,"Schmidt, Chavez and Jacobs",Finance,1-10,CA,pro,2025-05-06
user_00113,mcguiredanny@example.net,Patricia Le,Jordan and Sons,Non-profit,500+,FR,pro,2025-03-20
user_00114,dmorgan@example.com,Brandon Simmons,"Scott, Mckay and Mcdaniel",Education,51-200,IN,free,2025-04-14
user_00115,fjones@example.org,Patrick Watson,Hawkins PLC,Media,51-200,CA,free,2025-02-18
user_00116,elizabeth65@example.net,Jenny Moon,Schmitt PLC,Media,11-50,IN,pro,2025-10-24
user_00117,michael98@example.org,John Boone,Bruce-Richardson,Non-profit,1-10,AU,enterprise,2025-04-25
user_00118,audrey68@example.net,Maria Johnson,"Gallegos, Adams and White",Marketing Agency,500+,GB,free,2025-03-12
user_00119,sandra50@example.org,Kylie Morales,Figueroa Inc,SaaS,201-500,CA,pro,2025-01-11
user_00120,reesejason@example.com,Christopher Collins,Frank-Bradley,Finance,201-500,FR,free,2025-08-11
user_00121,wareeric@example.net,Brad Ramos,Tucker-Ramos,Finance,1-10,CA,free,2025-01-10
user_00122,jason81@example.com,Douglas Gregory,Rose-Parker,Marketing Agency,11-50,GB,pro,2025-01-15
user_00123,randallgreene@example.org,Tony Saunders,Roberts-Wilson,Media,1-10,BR,free,2025-04-28
user_00124,lburgess@example.org,Michael Mason,"Drake, Jones and Hensley",Healthcare,201-500,IN,free,2025-05-01
user_00125,grahamsteve@example.org,Laura Berry,"Bowman, Roberts and Sullivan",Non-profit,500+,US,enterprise,2025-04-25
user_00126,george97@example.net,Anita Richard,Graham Group,Media,11-50,DE,free,
user_00127,fosterkyle@example.com,Richard Jones,"Wilson, Hicks and Bullock",E-commerce,11-50,US,free,2025-01-31
user_00128,michael23@example.org,Craig Morrison,"Jones, Bean and Burton",Non-profit,1-10,AU,pro,2025-05-14
user_00129,wwebster@example.net,Thomas Cunningham,"Downs, Morris and Maddox",Finance,1-10,AU,pro,2025-02-24
user_00130,edward17@example.com,Rebecca Vargas,Romero-Collins,Media,201-500,CA,pro,2025-11-02
user_00131,xjohnson@example.com,Sean Wyatt,"Wheeler, Cruz and Carpenter",Non-profit,11-50,CA,free,2025-05-06
user_00132,colelisa@example.net,Larry Mason,Hayes LLC,Non-profit,201-500,CA,pro,2025-03-01
user_00133,wagnergerald@example.org,Wendy Warren,"Moore, Watson and Campbell",Non-profit,500+,IN,pro,2025-03-01
user_00134,rschroeder@example.net,Mark Cook,Davis-Gregory,Healthcare,51-200,DE,free,
user_00135,johnathan92@example.com,Matthew Rangel,Ponce-Hale,Marketing Agency,51-200,US,enterprise,2025-02-14
user_00136,tanderson@example.org,James Conner,Santiago Ltd,Finance,51-200,GB,pro,2025-03-10
user_00137,lucasrodney@example.com,Eric Bean,Meza-Tucker,Finance,1-10,IN,pro,2025-06-19
user_00138,zoemoore@example.com,Ashley Wise,"Stephenson, Johnson and Rogers",E-commerce,11-50,FR,free,2025-03-06
user_00139,carlamoore@example.org,Patricia Lamb,Griffith Inc,Healthcare,500+,US,free,2025-04-07
user_00140,udiaz@example.org,Lisa Goodwin,Young-Allen,E-commerce,201-500,US,free,2025-03-03
user_00141,mmckee@example.com,Laura Alexander,Strickland-Shaw,Marketing Agency,11-50,FR,pro,2025-04-16
user_00142,mburch@example.net,David Davidson,Spencer-Garcia,Marketing Agency,11-50,DE,pro,2025-04-07
user_00143,mitchellkathryn@example.com,Jose Guerra,Potts and Sons,Finance,1-10,US,free,2025-02-25
user_00144,bwilkerson@example.com,Jonathan Young,Brooks Inc,SaaS,51-200,US,pro,2025-08-25
user_00145,sarah52@example.org,Thomas Kennedy,Blake Group,E-commerce,201-500,CA,free,2025-01-19
user_00146,fgilbert@example.org,Ruben Dunn,"Lynch, Henderson and Parsons",Non-profit,500+,DE,pro,2025-01-30
user_00147,kevinwilliams@example.com,Lisa Brown,Carlson-Smith,Media,201-500,GB,enterprise,2025-04-04
user_00148,jennifercarter@example.org,Cynthia Butler,"Barnett, Mills and Ward",SaaS,1-10,DE,pro,2025-04-27
user_00149,myerstheodore@example.net,James Burgess,Kramer-Cooper,Non-profit,1-10,DE,free,2025-11-28
user_00150,ingramjill@example.com,Harold Morgan,"Thompson, Maxwell and Marshall",Finance,11-50,IN,pro,2025-11-22
user_00151,zwelch@example.org,Ricardo Ellis,Harris-Moody,Healthcare,201-500,FR,free,2025-03-09
user_00152,stewartkyle@example.com,Kimberly King PhD,Mitchell Inc,Healthcare,11-50,BR,free,2025-09-28
user_00153,joshua56@example.com,Stephanie Hughes,Crawford Group,Healthcare,201-500,GB,pro,2025-05-25
user_00154,sandra84@example.org,Angela Morrison,Gardner LLC,Education,1-10,IN,free,2025-01-08
user_00155,millerdonna@example.com,Mitchell Jackson,Bell-Williams,SaaS,201-500,GB,free,2025-03-30
user_00156,christina64@example.net,Theresa Jones,"Sullivan, Palmer and Brady",Healthcare,1-10,FR,free,2025-02-21
user_00157,stephaniethomas@example.net,Jessica Martinez,Osborne LLC,Education,201-500,US,pro,2025-11-30
user_00158,patrick90@example.net,Jerry Watson,Hines-Berry,Non-profit,11-50,CA,pro,2025-02-15
user_00159,raymond43@example.org,Cody Holmes,"Wilson, Hampton and Padilla",E-commerce,201-500,GB,pro,2025-01-20
user_00160,wendymitchell@example.com,Chad Jones,Roach Group,Marketing Agency,51-200,FR,free,2025-01-06
user_00161,cochrantammy@example.com,Michelle Pierce,Vance-York,Healthcare,500+,GB,free,2025-01-29
user_00162,laurahicks@example.org,Dr. Cynthia Snyder,Spencer-Wood,Healthcare,500+,AU,pro,2025-01-16
user_00163,cherylmiller@example.com,Mitchell Mendoza,Hammond-Morrow,Finance,51-200,IN,free,2025-04-24
user_00164,martinezlogan@example.org,Michael Cooper,"Bowman, White and Burch",Finance,51-200,GB,enterprise,2025-01-02
user_00165,dshaw@example.org,Elizabeth Martin,"Perez, Meza and Stone",Non-profit,201-500,DE,enterprise,2025-03-09
user_00166,meghan43@example.net,Denise Weber,"Ferguson, Shaw and Jackson",Healthcare,201-500,CA,free,2025-02-28
user_00167,georgeweber@example.net,Thomas Williams,,Non-profit,51-200,US,free,2025-04-22
user_00168,debra96@example.net,Kathleen Burton,May-Turner,Marketing Agency,500+,US,free,2025-09-13
user_00169,lindacohen@example.com,Michael Moore,Washington-Harris,Non-profit,11-50,FR,pro,2025-10-17
user_00170,larryhiggins@example.net,Haley Ross PhD,"Hoffman, Flores and Owens",SaaS,1-10,US,pro,2025-02-06
user_00171,shannon21@example.org,James Gilbert,Estes and Sons,Education,11-50,CA,free,2025-03-27
user_00172,SARAH53@EXAMPLE.ORG,Mr. Jonathan Parker Jr.,Wagner-Levy,SaaS,11-50,GB,pro,2025-05-07
user_00173,brandywilliams@example.com,Stephen Pena MD,"Smith, Rodriguez and Anderson",Non-profit,11-50,DE,enterprise,2025-12-07
user_00174,jessica65@example.org,Kelly Lee,"Roberts, Hughes and Cole",Non-profit,51-200,CA,enterprise,2025-07-07
user_00175,marcia99@example.org,Brent Brooks,Grant-Diaz,Media,201-500,FR,free,2025-01-15
user_00176,jameshicks@example.net,Andrew Reeves,Stone-Hernandez,E-commerce,201-500,FR,free,2025-03-18
user_00177,MARKAUSTIN@EXAMPLE.ORG,Luis Kirby,"Rogers, Clayton and Patel",Healthcare,51-200,CA,free,2025-05-11
user_00178,thomas05@example.com,Veronica Silva,"Wiggins, Soto and Carlson",Education,500+,AU,free,2025-04-02
user_00179,tammy99@example.org,Lauren Jackson,"Griffith, Hampton and James",Non-profit,201-500,CA,enterprise,2025-05-04
user_00180,anthonyvaughan@example.org,Jeremy Barnes,Vaughn-Jenkins,Finance,1-10,CA,free,2025-01-08
user_00181,VSALAS@EXAMPLE.NET,Charles Clark,Bolton-Mendoza,Finance,51-200,BR,free,2025-04-15
user_00182,ledwards@example.com,Gloria Gomez,"Becker, Lara and Baker",Healthcare,1-10,IN,free,2025-05-22
user_00183,plee@example.com,Courtney Dudley,Wise-Bush,Education,11-50,IN,free,2025-02-24
user_00184,wstewart@example.net,Rebecca Hill,Berry PLC,E-commerce,51-200,FR,enterprise,2025-02-15
user_00185,zhuang@example.com,Regina Roberts,Moses-Miller,E-commerce,201-500,CA,free,2025-02-23
user_00186,VDOUGLAS@EXAMPLE.COM,Ronald Nelson,"Horton, Taylor and Gilbert",Marketing Agency,1-10,FR,pro,2025-05-05
user_00187,johnsantiago@example.net,David Garcia,Love-Garcia,Media,1-10,AU,pro,2025-01-25
user_00188,adampierce@example.org,Timothy Johns,Santos-Avila,SaaS,500+,US,free,2025-02-15
user_00189,manuel01@example.net,Kimberly Sharp,Gentry and Sons,Non-profit,11-50,CA,enterprise,2025-01-29
user_00190,lkhan@example.org,Jennifer Simpson DVM,Mcdowell-Smith,Education,11-50,FR,free,2025-01-06
user_00191,hebertmatthew@example.com,Kimberly Snyder DVM,"Mcdonald, Lee and Rodriguez",Healthcare,500+,CA,free,2025-02-21
user_00192,jessicawong@example.net,Norman Gibbs,"Craig, Lee and Carr",Education,500+,CA,free,2025-07-04
user_00193,gwilcox@example.com,Michael Lopez,Woods and Sons,Marketing Agency,500+,DE,enterprise,2025-02-13
user_00194,greenjoe@example.com,Elizabeth Sharp,Green LLC,Finance,201-500,BR,free,2025-01-07
user_00195,bryanwilson@example.com,Michael Leblanc,"Carrillo, Vaughn and Fowler",Finance,1-10,CA,pro,2025-04-06
user_00196,michael33@example.org,Jesse Zhang,Perry-Dunn,Non-profit,500+,FR,free,2025-01-29
user_00197,ztodd@example.net,Pamela Becker,"Marks, Miller and Griffin",Finance,500+,BR,pro,2025-04-27
user_00198,christian91@example.org,Stephanie Harris,"Hernandez, Murphy and Meyer",Media,201-500,IN,free,2025-05-17
user_00199,frazierjennifer@example.com,Jordan Stokes,Anderson-Perry,Finance,201-500,BR,free,2025-06-10
user_00200,hansenemily@example.com,Jennifer Velasquez,"Robinson, Jones and Henderson",Non-profit,51-200,GB,free,2025-05-02
user_00201,weaverbrian@example.org,Mrs. Donna White,Cannon Ltd,E-commerce,1-10,BR,free,2025-04-03
user_00202,ybrooks@example.com,Susan Bennett,"Brandt, Baxter and Anderson",SaaS,500+,US,free,2025-05-24
user_00203,david86@example.net,William Davenport,Good Group,E-commerce,201-500,FR,pro,2025-04-20
user_00204,opatel@example.org,Christopher Lopez,"Cannon, Johnson and Keller",Marketing Agency,51-200,DE,free,2025-10-19
user_00205,allencarlos@example.net,Kyle Warner,Sanchez Inc,SaaS,201-500,AU,pro,2025-04-23
user_00206,igonzales@example.org,Patty Taylor,Young-Hendricks,Education,1-10,DE,enterprise,2025-05-16
user_00207,barbara53@example.com,Victoria Boyd,Turner-Brown,Marketing Agency,500+,DE,enterprise,2025-03-25
user_00208,conniesimmons@example.com,Gregory Schneider,Floyd-Flores,Non-profit,51-200,FR,pro,2025-02-23
user_00209,trussell@example.com,Joshua Allen,Turner Ltd,Healthcare,1-10,GB,pro,2025-01-28
user_00210,lindamelendez@example.net,Jason Moreno,Sanchez-Harris,Media,201-500,BR,free,2025-01-12
user_00211,nielsenmelanie@example.org,Sandra Williams,Nunez-Morrison,Education,500+,CA,free,2025-01-31
user_00212,lopezkathleen@example.net,Claire Clark,Turner-Stout,Marketing Agency,1-10,DE,free,2025-03-02
user_00213,sharonhayden@example.org,Nicole Rocha,"Munoz, Harris and Herman",Finance,201-500,DE,pro,2025-03-24
user_00214,kimberly67@example.net,Elizabeth Ward,Owens-Lang,Healthcare,1-10,DE,free,2025-04-10
user_00215,ugill@example.org,Jason Hart,Figueroa Inc,Non-profit,1-10,AU,pro,2025-04-26
user_00216,angela99@example.net,Christian Rivera,Hudson-Sanchez,Media,51-200,AU,free,2025-04-27
user_00217,jonathan77@example.com,Robert Jackson,"Payne, White and Preston",Education,1-10,US,free,2025-10-24
user_00218,warrenmary@example.org,Mary Duran,Taylor-Mccoy,Healthcare,500+,AU,free,2025-03-25
user_00219,mannalbert@example.net,Antonio Little,"Durham, Hopkins and Smith",E-commerce,201-500,US,enterprise,2025-05-10
user_00220,hsmith@example.net,William Smith,"Craig, Drake and Browning",Education,500+,BR,enterprise,2025-03-31
user_00221,hullalice@example.org,Joseph Ochoa,Norton-Miller,Non-profit,1-10,BR,pro,2025-05-18
user_00222,pstevens@example.net,Michael Abbott,"Frey, Santos and Johnson",Finance,51-200,CA,free,2025-03-05
user_00223,jgray@example.com,Adam Jackson,Bruce-Newman,Healthcare,500+,CA,free,2025-01-21
user_00224,ariel18@example.org,Steven Schwartz,"Alvarez, Williams and Jones",Media,51-200,GB,pro,2025-03-02
user_00225,rachel90@example.org,Emily Ali,"Thomas, Hoover and Nicholson",Media,51-200,FR,free,2025-05-03
user_00226,evansanne@example.net,Jasmine Mosley,Reyes-Singh,SaaS,11-50,CA,pro,2025-11-15
user_00227,masonterri@example.org,David Jones,"Mack, Friedman and Sanders",SaaS,1-10,GB,free,2025-02-08
user_00228,anthony47@example.com,Juan Bennett,Frazier Ltd,Finance,500+,FR,pro,2025-09-01
user_00229,nmiller@example.com,Michelle Miller,James Ltd,Finance,1-10,IN,free,2025-09-01
user_00230,jodistewart@example.org,Tommy Wallace,Garcia-Miller,Marketing Agency,51-200,CA,pro,2025-02-28
user_00231,jcole@example.net,Alexander Gomez,Carlson LLC,Education,51-200,CA,free,2025-03-29
user_00232,asmith@example.com,Misty Hansen,Armstrong and Sons,Healthcare,201-500,US,pro,2025-01-18
user_00233,rjackson@example.com,Charles Jackson,Fisher-Washington,Education,500+,IN,pro,2025-04-22
user_00234,wardsheryl@example.net,Linda Gonzalez,Taylor Inc,Education,1-10,GB,pro,2025-01-13
user_00235,ncook@example.com,Erin Cook,"Mccann, Taylor and Flores",Finance,500+,GB,free,2025-05-18
user_00236,timothythompson@example.com,Doris Neal,Faulkner-Casey,Education,500+,US,free,2025-02-24
user_00237,nicholas65@example.org,Christina Osborn,Maldonado PLC,Education,1-10,BR,free,2025-09-09
user_00238,bentonsteven@example.net,Robert Guerra,Fuentes Group,SaaS,51-200,CA,enterprise,2025-05-21
user_00239,TTAYLOR@EXAMPLE.ORG,Christian Henderson,Jones-Ewing,Non-profit,201-500,GB,enterprise,2025-01-28
user_00240,iaguilar@example.net,Sheila Barnes,Gibbs LLC,Healthcare,51-200,GB,free,2025-01-17
user_00241,rodriguezjohn@example.net,Matthew Williams,"Byrd, Ross and Goodwin",E-commerce,201-500,FR,enterprise,2025-05-24
user_00242,GRODRIGUEZ@EXAMPLE.COM,Paul Grant,"Johnston, Griffin and Myers",Media,51-200,IN,free,2025-03-01
user_00243,michaeljohnson@example.org,Thomas Miller,"Thomas, Collins and Gibson",Non-profit,1-10,US,free,2025-01-27
user_00244,adrianabailey@example.org,Michael Flores,Williams-Page,Healthcare,11-50,GB,pro,2025-05-29
user_00245,sweeneydeborah@example.net,Tara Yang,"Thompson, Moore and Castro",SaaS,201-500,US,pro,2025-05-15
user_00246,zhall@example.net,Martin Reynolds,Mclaughlin and Sons,Finance,500+,DE,pro,2025-05-12
user_00247,yvargas@example.org,Christine Goodwin,Ray PLC,Media,51-200,IN,free,2025-11-01
user_00248,michaelgonzalez@example.org,Scott Rose,"Edwards, Price and Long",Finance,201-500,DE,free,2025-03-17
user_00249,baileymegan@example.net,Michael Mcbride,"Lawrence, Powers and Edwards",SaaS,11-50,GB,pro,2025-07-15
user_00250,kevinwhite@example.net,James Carlson,"Reyes, Lopez and Reid",Education,500+,CA,pro,2025-01-21
user_00251,angelaburns@example.org,Ryan Harvey,Crane-Washington,Non-profit,1-10,GB,enterprise,2025-07-20
user_00252,lisamaynard@example.net,Jennifer Vasquez,"Larsen, Burns and Miller",Healthcare,1-10,AU,free,2025-04-10
user_00253,flynnjeffrey@example.org,Joshua Jackson,Cunningham-Barton,Marketing Agency,201-500,US,free,2025-12-10
user_00254,hdunn@example.net,Reginald Morrow,Weaver-Sherman,E-commerce,51-200,AU,free,2025-03-14
user_00255,bpayne@example.org,Martha Wright,Cole LLC,Education,11-50,GB,enterprise,2025-01-20
user_00256,gonzalesvictoria@example.org,Oscar Norris,"Bishop, Patterson and Jensen",SaaS,201-500,IN,pro,2025-04-02
user_00257,lisatrujillo@example.net,Douglas Ryan,Werner-Carter,Media,11-50,BR,free,2025-01-16
user_00258,stephanie81@example.org,Rachel Sellers,Camacho-Martinez,E-commerce,1-10,AU,free,2025-02-25
user_00259,johndawson@example.org,Megan Burns,"Chen, Burton and Brooks",E-commerce,201-500,US,pro,2025-05-01
user_00260,schultznicole@example.org,Paul Neal,Gibson-Freeman,SaaS,51-200,BR,free,2025-04-22
user_00261,meltonmelanie@example.org,Judy Beck,Horn-Flynn,Healthcare,11-50,CA,free,2025-03-10
user_00262,brobinson@example.org,Frank Campbell MD,Knight Group,Marketing Agency,201-500,IN,free,2025-03-12
user_00263,patricia00@example.org,Sara Smith,Alexander Inc,Non-profit,1-10,FR,enterprise,2025-03-17
user_00264,sharris@example.org,Elizabeth Baxter,Davis-Ward,E-commerce,500+,FR,free,2025-05-14
user_00265,watsonrebecca@example.org,Mario Barber,Patterson Inc,SaaS,201-500,IN,pro,2025-03-10
user_00266,smiththomas@example.org,Kelly Wallace,Dominguez Inc,Finance,1-10,DE,free,2025-01-27
user_00267,ebenson@example.org,Brandon Shaffer,Edwards LLC,Education,51-200,BR,enterprise,2025-02-08
user_00268,patrickli@example.org,Megan Jones,"Smith, Santos and Alexander",Marketing Agency,11-50,DE,pro,2025-07-30
user_00269,courtneyhernandez@example.com,Jessica Robinson,Taylor Inc,Education,51-200,CA,enterprise,2025-01-10
user_00270,bbell@example.com,Danielle Newman,Tran PLC,Finance,201-500,FR,enterprise,2025-06-19
user_00271,kimberly04@example.org,Katrina Adkins,Lucas-Bowers,Education,500+,DE,pro,2025-07-12
user_00272,troyrodriguez@example.com,Andrea Oneal,Hatfield LLC,Healthcare,500+,GB,free,2025-10-10
user_00273,paulcombs@example.com,Michael Farmer,Smith Inc,Education,51-200,DE,free,2025-03-04
user_00274,bakerbill@example.org,Jennifer Mitchell,"Mason, Perry and Miles",Finance,51-200,IN,free,2025-05-20
user_00275,davidsonamanda@example.org,Eric Dixon,Mccann and Sons,Healthcare,51-200,US,pro,2025-03-10
user_00276,peter14@example.net,Troy Allen,Miller Group,SaaS,1-10,GB,free,2025-05-04
user_00277,chavezchelsea@example.com,Mary Thompson,Zimmerman Ltd,Marketing Agency,11-50,CA,pro,2025-09-21
user_00278,martinstephanie@example.net,Samantha Green,Martinez-Norman,Healthcare,500+,US,free,2025-05-06
user_00279,jessica10@example.com,Denise Brown,"Proctor, Burton and Crawford",Education,51-200,IN,free,2025-05-12
user_00280,brian92@example.com,Raymond Shannon,"Sharp, Perez and Hicks",Education,201-500,FR,free,2025-08-11
user_00281,trevinoalexander@example.org,James Hernandez,Tran Ltd,Marketing Agency,11-50,IN,enterprise,2025-02-18
user_00282,pwalker@example.com,Erica Mckenzie,"Watson, Shaw and Winters",Non-profit,201-500,AU,free,2025-04-20
user_00283,jeffreyblack@example.org,Andrea Marshall,Ayala-Collins,Finance,11-50,CA,pro,2025-04-21
user_00284,tranalan@example.org,Richard Stevenson,Marshall PLC,Finance,1-10,FR,pro,2025-01-15
user_00285,xcuevas@example.org,Kimberly Flynn,Smith Group,Non-profit,51-200,GB,free,2025-05-18
user_00286,hallmichael@example.net,Tiffany Smith,"Bennett, Rojas and Parker",SaaS,51-200,AU,pro,2025-12-27
user_00287,alyssaallen@example.com,Valerie Thomas,Davis-Morse,Media,201-500,US,pro,2025-02-09
user_00288,xhaynes@example.com,Angela Davis,Walsh Group,SaaS,500+,CA,free,2025-04-22
user_00289,vargasbryan@example.net,Cynthia Green,Howe-Long,Finance,500+,BR,enterprise,2025-03-19
user_00290,louis43@example.org,Brandy Carrillo,Moore and Sons,SaaS,51-200,CA,pro,2025-11-16
user_00291,aowens@example.org,Traci Clark,Ford-Phelps,SaaS,500+,GB,pro,2025-05-13
user_00292,mooregina@example.net,Amanda Huff,Hernandez-Dawson,Marketing Agency,1-10,GB,free,2025-02-20
user_00293,randy04@example.com,Carrie Crane,Hawkins-Pierce,Media,51-200,DE,free,2025-02-01
user_00294,murraylinda@example.org,Antonio Norman,Anderson Group,Non-profit,11-50,DE,free,2025-04-08
user_00295,gina19@example.net,Robert Johnson,Gonzalez Ltd,SaaS,500+,GB,pro,2025-01-19
user_00296,flamb@example.com,Tom Williams,"Hamilton, Ramsey and Crawford",Education,500+,US,pro,2025-05-02
user_00297,lvega@example.com,Cody Ramirez,Johnson PLC,Non-profit,11-50,BR,free,2025-01-12
user_00298,deborahporter@example.net,Brandon Reyes,Gonzalez-Wilkerson,Non-profit,51-200,IN,pro,2025-01-06
user_00299,crystalpham@example.org,Rachael Howard DDS,Cooper-Cunningham,Finance,1-10,US,free,2025-05-14
user_00300,paul20@example.com,Alyssa Cochran,Brown-Frey,Media,51-200,GB,pro,2025-03-22
user_00301,katie32@example.org,David Ferguson,"Brown, Davies and Robinson",Education,201-500,GB,free,2025-05-20
user_00302,lkelly@example.org,Evan Rojas,Sloan-Johnson,Education,11-50,IN,pro,2025-07-19
user_00303,stacey92@example.net,Sara Cochran,Weaver-Thompson,E-commerce,1-10,DE,free,
user_00304,davisjesse@example.org,John Rivera,"Harris, Anderson and Love",Media,11-50,FR,pro,2025-12-02
user_00305,brian29@example.net,Patricia Mathis,Yu-Brooks,SaaS,201-500,IN,free,2025-10-08
user_00306,vwillis@example.com,William Oconnor,Conner-Yu,E-commerce,201-500,IN,pro,2025-03-01
user_00307,grant89@example.com,Kevin Thompson,Gross-Phillips,Marketing Agency,1-10,DE,pro,2025-03-25
user_00308,jessicarush@example.net,Zachary Sanford,White LLC,Non-profit,500+,US,pro,2025-05-08
user_00309,daniellegarcia@example.com,Patrick Young,Jackson-Mcclure,Non-profit,51-200,BR,free,2025-06-17
user_00310,underwoodelizabeth@example.net,Jillian Baker,Steele LLC,Media,51-200,DE,free,2025-03-19
user_00311,kristin00@example.com,Jason Jackson,Snyder-Gray,Non-profit,500+,CA,pro,2025-04-08
user_00312,egarcia@example.net,Melissa Martin,Lloyd Inc,Education,500+,FR,free,2025-01-19
user_00313,andrew41@example.org,Stephen Martin,Payne Inc,Healthcare,500+,US,pro,2025-03-19
user_00314,brooke97@example.net,Tommy Martin,Moore-Garcia,Finance,500+,IN,pro,2025-01-27
user_00315,terriortiz@example.net,Monica Baker,Evans-Davis,Education,11-50,BR,free,2025-04-11
user_00316,farmstrong@example.org,Aaron Miller,"Weber, Castillo and Davis",Education,500+,IN,enterprise,2025-10-15
user_00317,georgecarter@example.org,Brian Glover,Burns-Guerrero,Marketing Agency,51-200,FR,pro,2025-04-27
user_00318,maypaul@example.com,Jaclyn Griffin,Gonzales-Baker,Marketing Agency,500+,IN,pro,2025-03-22
user_00319,anne21@example.org,Rhonda Gutierrez,"Perez, Brown and Hughes",Media,1-10,IN,pro,2025-05-08
user_00320,rsheppard@example.com,Cynthia Evans,Orr-Klein,Healthcare,11-50,AU,pro,2025-05-03
user_00321,davidtodd@example.org,Carol Lewis,Martinez Group,Marketing Agency,201-500,FR,free,2025-05-17
user_00322,mcneilryan@example.net,Kurt Flores,"Sloan, Jones and Hughes",Healthcare,500+,IN,pro,2025-03-22
user_00323,rarnold@example.net,Shane Buchanan,"Matthews, Harrington and Rodriguez",SaaS,500+,AU,pro,2025-10-13
user_00324,eddiematthews@example.org,Kristine Garcia,Dillon-Beard,Healthcare,51-200,GB,pro,2025-05-09
user_00325,pbaker@example.com,Kara Jackson,Thomas-Franklin,Education,51-200,IN,free,2025-04-14
user_00326,vwilliams@example.net,Patrick Mccall,Smith-Roth,Non-profit,11-50,DE,free,2025-02-17
user_00327,larry71@example.org,William Ramos,Adams-Butler,Finance,51-200,IN,free,2025-10-01
user_00328,lopezjason@example.com,Olivia Camacho,Robertson and Sons,E-commerce,500+,BR,free,2025-05-21
user_00329,collinswilliam@example.org,Kelly Carroll,Lee and Sons,SaaS,51-200,US,enterprise,2025-06-03
user_00330,wrightstephen@example.com,Denise Colon,"Sanders, Leblanc and Maldonado",Finance,51-200,IN,free,2025-05-19
user_00331,nathanwheeler@example.org,Karen Arnold,Martin-Kline,Non-profit,11-50,CA,free,2025-04-15
user_00332,mitchellpaul@example.org,Penny Lewis,Holland Ltd,Marketing Agency,500+,AU,free,2025-04-24
user_00333,josephortiz@example.org,Tracy Fleming,Buck-Holland,Education,201-500,CA,free,2025-01-11
user_00334,walkercharlene@example.com,Michelle Hill,York-Stevens,SaaS,201-500,IN,free,2025-01-27
user_00335,stevenbyrd@example.net,Brian Hunt,"Levy, Franco and Hoffman",Non-profit,51-200,DE,pro,2025-02-08
user_00336,kenneth17@example.org,Donald Nguyen,Green-Dawson,Media,500+,US,free,2025-05-30
user_00337,jacob83@example.org,Rebekah Greene,"Flores, Taylor and Johnson",SaaS,1-10,BR,free,2025-03-09
user_00338,qbright@example.com,Norman Aguilar,"Cabrera, Cooper and Reeves",Non-profit,1-10,US,enterprise,2025-03-14
user_00339,qknox@example.com,Sarah Pittman,"White, Davis and Anderson",Education,51-200,IN,free,2025-04-28
user_00340,jessica82@example.net,Martha Walker,Garner LLC,SaaS,500+,IN,pro,2025-07-30
user_00341,vfrench@example.com,Edward York,Brown-Walters,Finance,51-200,GB,free,2025-01-22
user_00342,kennedyjames@example.org,Jane Evans,Pitts and Sons,Media,11-50,BR,pro,2025-03-07
user_00343,victoriacooper@example.net,Victoria Thomas,"White, Miller and Cook",Healthcare,1-10,GB,free,2025-07-20
user_00344,lawrencebrown@example.com,Philip Jackson,Burns Inc,Media,1-10,DE,free,2025-07-05
user_00345,christinaschultz@example.com,John Smith,"Gonzalez, Watson and Smith",Education,51-200,US,pro,2025-03-28
user_00346,katherine83@example.org,Lori Wright,"Wiley, Collins and Garcia",Marketing Agency,1-10,IN,pro,2025-03-11
user_00347,gary04@example.com,Joseph Warren,,Non-profit,1-10,DE,pro,
user_00348,wendy75@example.org,Terry Burnett,Perez Ltd,SaaS,201-500,GB,free,2025-02-12
user_00349,jasonjohnson@example.net,Jacob Santos,Brooks Ltd,Finance,500+,AU,free,2025-04-28
user_00350,kelsey90@example.net,Mary Valdez MD,"Wilson, Wallace and Martinez",E-commerce,500+,IN,pro,2025-09-22
user_00351,thomas23@example.net,Alexandra Fisher,Bates LLC,E-commerce,1-10,AU,free,2025-03-12
user_00352,robertroach@example.net,Autumn Wilson,Jimenez PLC,Finance,1-10,AU,free,2025-01-30
user_00353,kimberlydecker@example.org,Jason Martin,"Crawford, Clark and Fitzpatrick",Finance,1-10,IN,free,2025-07-09
user_00354,JIMMY01@EXAMPLE.ORG,Maureen Hernandez,Chan Inc,Marketing Agency,500+,IN,pro,2025-03-22
user_00355,CONWAYDAWN@EXAMPLE.COM,Elizabeth Marshall MD,Sawyer LLC,Healthcare,51-200,US,pro,2025-03-01
user_00356,laurie56@example.net,Samuel Zamora,Christian Ltd,Healthcare,51-200,CA,free,2025-08-13
user_00357,markkline@example.net,Nicholas Watson,White-Morales,E-commerce,201-500,US,enterprise,2025-01-12
user_00358,ynelson@example.net,Rebecca Banks,Wilson Ltd,Healthcare,51-200,BR,pro,2025-02-04
user_00359,jarvismegan@example.org,Kevin Pham,"Kim, Carr and Maxwell",SaaS,51-200,CA,free,2025-03-15
user_00360,huffmannichole@example.net,Bianca Knapp,Clay Group,SaaS,11-50,US,free,2025-04-15
user_00361,browndiana@example.org,Megan Saunders,"Cummings, Walker and Sosa",Healthcare,500+,BR,pro,2025-04-26
user_00362,april91@example.com,Danielle Reed,"Davidson, Hernandez and Serrano",SaaS,51-200,AU,pro,2025-04-07
user_00363,smithsarah@example.net,Sarah Booth,Walton LLC,Marketing Agency,201-500,US,pro,2025-10-09
user_00364,markramirez@example.net,Mason Powell,Miller Group,Marketing Agency,201-500,US,free,2025-01-14
user_00365,fmiller@example.com,William Mcgee,Garcia Group,Media,500+,AU,free,2025-01-09
user_00366,hawkinsaaron@example.org,Tracey Walsh,"Hart, Pena and Bryant",Non-profit,11-50,FR,free,2025-10-29
user_00367,michael03@example.com,Randall Greene,"Sandoval, Baldwin and Wilson",Media,51-200,GB,enterprise,2025-05-11
user_00368,aaronkelly@example.net,Dorothy Boyd,"Rodriguez, Prince and Vasquez",Non-profit,51-200,US,free,2025-07-22
user_00369,nrodriguez@example.org,Timothy Long,Summers-Lee,SaaS,201-500,IN,enterprise,2025-04-25
user_00370,daniel60@example.net,Leah Barton,Ellis-Lawrence,Healthcare,500+,FR,enterprise,2025-03-08
user_00371,tamarasmith@example.net,Timothy Roberson,Glass-Norman,Healthcare,11-50,IN,free,2025-03-21
user_00372,heatherthompson@example.org,Matthew Obrien,Gordon-Cruz,SaaS,201-500,US,free,2025-02-13
user_00373,joshuastuart@example.com,Casey Gutierrez,"Tanner, Hunt and Cameron",SaaS,201-500,AU,pro,2025-03-22
user_00374,JENNIFER83@EXAMPLE.ORG,Miguel Parks,"Anderson, Page and Hester",Finance,51-200,CA,pro,2025-03-06
user_00375,williambenson@example.com,Paige Hart,"Duncan, Contreras and Butler",Healthcare,500+,US,free,2025-02-06
user_00376,natalie60@example.net,James Brown,Gonzalez and Sons,Media,201-500,AU,enterprise,2025-03-15
user_00377,frances20@example.net,Christina Weaver,Cervantes-Garcia,Marketing Agency,11-50,AU,free,2025-05-10
user_00378,juliahoffman@example.org,Rebecca Horton,"Beck, House and Hughes",Finance,11-50,AU,pro,2025-02-15
user_00379,tammy00@example.net,Marc Norman,Greer-Pruitt,Non-profit,201-500,IN,pro,2025-02-16
user_00380,kari89@example.org,Tracey Phillips,Lucero Inc,Education,500+,IN,free,2025-03-11
user_00381,SYDNEYMOSS@EXAMPLE.ORG,Jeffrey Hawkins,Martin LLC,Education,11-50,FR,pro,2025-05-21
user_00382,riverajenna@example.org,Timothy Carlson,"Gilbert, Stanley and Henry",Media,11-50,US,pro,2025-01-09
user_00383,charles58@example.org,Kelly Hartman,Perry PLC,Healthcare,51-200,GB,pro,2025-04-24
user_00384,odavis@example.org,Erin Carter,"Moreno, Barajas and Colon",Media,201-500,FR,free,2025-02-14
user_00385,wilsonmichael@example.org,Lisa Oliver,Fleming LLC,Finance,201-500,GB,enterprise,2025-04-05
user_00386,hmoon@example.com,Nathaniel Johnson,"Short, Brooks and Lang",Finance,11-50,US,free,2025-05-17
user_00387,stucker@example.net,Jose Vaughan,Bonilla PLC,Marketing Agency,1-10,BR,enterprise,2025-01-15
user_00388,simsjason@example.net,Sharon Coleman,Harris Ltd,SaaS,1-10,AU,free,2025-05-03
user_00389,elucas@example.net,Allison Love,Miller Inc,Finance,201-500,US,free,2025-03-14
user_00390,lauragrant@example.net,Susan Russell,Mccoy-Hamilton,Marketing Agency,500+,DE,free,2025-04-18
user_00391,pricedavid@example.org,Lisa Avila,"Williams, Charles and Howard",Healthcare,11-50,CA,free,2025-02-25
user_00392,robertsgina@example.net,Preston Kim,Short-Johnson,Media,500+,DE,free,2025-07-23
user_00393,amandataylor@example.com,Sarah Phillips,"Thomas, Byrd and Sloan",E-commerce,51-200,BR,pro,2025-04-14
user_00394,susan08@example.net,Andrew Armstrong,Medina-Arroyo,Media,51-200,CA,enterprise,2025-02-17
user_00395,jason53@example.com,Sarah Thomas,Walker LLC,E-commerce,201-500,BR,pro,2025-05-07
user_00396,dannylambert@example.net,Sarah Randolph,"Murray, Dunn and Roberts",Marketing Agency,11-50,CA,free,
user_00397,kingjames@example.net,Mr. Carl Rios,Mitchell Inc,Education,500+,CA,pro,2025-03-26
user_00398,louishayes@example.net,Melissa Hernandez,"Diaz, Stewart and Patterson",Media,500+,IN,free,2025-12-23
user_00399,edwardskristen@example.net,Jessica Larsen,Frazier LLC,Non-profit,500+,US,pro,2025-01-15
user_00400,wford@example.com,Mr. Matthew Miller,Trevino-Taylor,Media,500+,GB,free,2025-03-03
user_00401,josemercado@example.org,Stephanie Atkinson,"Johnson, Perkins and Sullivan",E-commerce,51-200,GB,enterprise,2025-10-04
user_00402,rebeccaarnold@example.net,Kimberly Valdez,Diaz and Sons,Healthcare,500+,FR,enterprise,2025-04-21
user_00403,dennis88@example.org,Jonathan Bates,"Sutton, Todd and Taylor",E-commerce,500+,FR,free,2025-05-24
user_00404,haroldfry@example.net,Brianna Dennis,Williams-Juarez,E-commerce,51-200,BR,free,2025-03-26
user_00405,bryanwood@example.org,Kelly Moody,Harrison-Gibson,Non-profit,201-500,IN,free,2025-05-07
user_00406,williamsdeborah@example.org,Kelly Gallegos,"Baker, Stephens and Thompson",Healthcare,11-50,BR,enterprise,2025-04-18
user_00407,PDIAZ@EXAMPLE.ORG,Jamie Solomon,"Sullivan, Roth and Reed",Media,1-10,CA,free,2025-05-01
user_00408,aeaton@example.net,Jessica Hall,"Schneider, Lewis and Lopez",SaaS,201-500,FR,pro,2025-03-15
user_00409,carolyn13@example.com,Michelle Olson,Mendoza-Garza,Non-profit,201-500,FR,free,2025-01-18
user_00410,cjohnson@example.org,Candace Soto,Macdonald and Sons,SaaS,201-500,IN,free,2025-02-09
user_00411,jacksonsandra@example.net,Linda Elliott,Johns Ltd,Marketing Agency,1-10,FR,free,2025-04-10
user_00412,stacey37@example.net,Sharon Jackson DVM,"Thomas, Aguilar and Saunders",Education,201-500,US,pro,2025-04-26
user_00413,gary57@example.net,Crystal Cruz,Smith PLC,Media,500+,GB,pro,2025-03-17
user_00414,mserrano@example.org,Steven Greene,"Gordon, Wilson and Olson",Non-profit,51-200,IN,free,2025-02-02
user_00415,rachelryan@example.org,Patricia Banks,"Fisher, Golden and Wolfe",Healthcare,51-200,IN,free,2025-02-02
user_00416,zperez@example.com,Jane Chapman,"Velez, Hood and Johnston",Media,201-500,AU,free,2025-05-21
user_00417,eanderson@example.org,Angela George,"Ortiz, Lopez and Fletcher",Healthcare,51-200,BR,free,2025-01-27
user_00418,lanedavid@example.org,Daniel Brock,Cox-Moore,Healthcare,500+,GB,free,2025-05-08
user_00419,jose86@example.net,Donald Becker,Gutierrez PLC,Media,201-500,FR,enterprise,2025-04-28
user_00420,jwhite@example.net,Dr. Kenneth Schroeder,Fitzgerald-Wyatt,Non-profit,201-500,AU,enterprise,2025-03-19
user_00421,adkinssean@example.net,Ariel Romero,Owen-Mendez,Healthcare,51-200,CA,enterprise,2025-02-24
user_00422,martintamara@example.org,Samantha Ruiz,"Graham, Brown and Walker",SaaS,500+,US,pro,2025-03-19
user_00423,lynchjenny@example.com,Kelly Dawson,"Brown, Ayala and Thompson",Media,201-500,DE,enterprise,2025-06-29
user_00424,mgonzales@example.net,Kelly Lee,"Dixon, Hale and Gilbert",Healthcare,201-500,GB,enterprise,2025-01-27
user_00425,warddiana@example.org,Donald Ross,"Foster, Willis and Holmes",SaaS,201-500,BR,free,2025-02-16
user_00426,calhounandrea@example.net,Suzanne Bailey,Perez-Mccarty,Healthcare,500+,BR,pro,2025-04-27
user_00427,kspears@example.org,Jason Rodriguez,Gordon LLC,E-commerce,1-10,AU,pro,2025-03-11
user_00428,prattsue@example.net,Laura Benson,Hart-Carrillo,Marketing Agency,500+,BR,free,2025-03-10
user_00429,susan77@example.net,Karen Scott,Schultz-Gamble,Healthcare,1-10,US,enterprise,2025-05-09
user_00430,laurengutierrez@example.com,Alexandra Collier,Mitchell Group,Media,201-500,FR,pro,2025-02-13
user_00431,charles27@example.com,Steven Adams,"Vega, Browning and Porter",SaaS,51-200,US,pro,2025-05-30
user_00432,jimmyallen@example.com,Dale Wright,"Kelly, Maxwell and Wilson",E-commerce,1-10,GB,free,2025-02-27
user_00433,loweelizabeth@example.net,Scott Rubio,Watson-Stewart,Media,500+,IN,pro,2025-03-08
user_00434,travis84@example.com,Kenneth Brown,Mendoza-Fernandez,Finance,51-200,CA,free,2025-01-19
user_00435,phillip27@example.org,Julia Norris,Craig Group,Education,1-10,GB,free,2025-05-19
user_00436,nguyenchloe@example.com,Dennis Adams,"Cooper, White and Coleman",SaaS,500+,GB,free,2025-10-15
user_00437,xhaynes@example.com,Diana White,Krause Ltd,Media,201-500,GB,enterprise,2025-03-24
user_00438,lisale@example.org,Selena Gonzalez,"Hernandez, Shaffer and Thompson",Marketing Agency,500+,AU,free,2025-05-08
user_00439,otaylor@example.net,Emily Tucker,Hart-Bradley,Media,11-50,DE,free,2025-03-25
user_00440,kgarcia@example.org,David Combs,Cole LLC,E-commerce,500+,GB,pro,2025-11-11
user_00441,michael88@example.com,Jason Bell,"Mccarty, Gonzalez and Johnston",Non-profit,201-500,FR,pro,2025-02-08
user_00442,tiffanymitchell@example.com,Katherine Doyle,James LLC,E-commerce,51-200,FR,free,2025-04-29
user_00443,jwelch@example.org,Tanya Fisher,"Duncan, Sweeney and Jones",Non-profit,500+,CA,free,2025-08-28
user_00444,matthewedwards@example.net,Derek Newman,Barron-Norman,Non-profit,1-10,GB,free,2025-03-02
user_00445,julie87@example.com,Scott Martinez,Stanley Ltd,Healthcare,500+,GB,pro,2025-01-28
user_00446,clarkrandy@example.org,Shawn Kelley,,SaaS,500+,GB,free,2025-03-24
user_00447,garciachristine@example.org,Stacey Parker,Rojas Group,Finance,500+,US,free,2025-01-28
user_00448,davidroberson@example.org,Howard Herman,Mcdonald-Pitts,Media,201-500,IN,pro,2025-01-04
user_00449,amy28@example.org,Joyce Curry,"Graham, Bowman and Ferguson",Finance,201-500,GB,free,2025-04-06
user_00450,timothy31@example.com,Jason Moore,Smith and Sons,Media,51-200,US,pro,2025-01-06
user_00451,justin80@example.net,Theresa Woods,Cannon LLC,Finance,500+,IN,free,2025-04-15
user_00452,laurakelley@example.org,Justin Foster,Espinoza Ltd,Non-profit,500+,FR,pro,2025-01-22
user_00453,oclayton@example.com,Mario Black,"Aguirre, Cohen and Mitchell",Finance,500+,AU,free,2025-05-27
user_00454,robert12@example.org,Mark Williamson,Graves-Vasquez,Media,51-200,US,pro,2025-02-09
user_00455,andrew08@example.org,Brian Adams,"Gonzales, Smith and Davis",E-commerce,201-500,CA,enterprise,2025-03-09
user_00456,snydermatthew@example.com,Kathleen Watson,"Moody, Rivera and Bridges",Education,500+,BR,free,2025-04-03
user_00457,brianrowe@example.org,Catherine Huang,Roth-Clayton,Media,1-10,FR,pro,2025-01-28
user_00458,villegasjennifer@example.com,Jessica Rojas,Gonzalez Ltd,Education,51-200,DE,pro,2025-04-26
user_00459,boydtina@example.com,Tyrone Mayer,Soto Inc,E-commerce,11-50,BR,enterprise,2025-04-10
user_00460,kingdanielle@example.org,Anthony Estrada,Young Group,SaaS,11-50,AU,enterprise,2025-04-18
user_00461,alexis49@example.org,David Novak,"Logan, Alvarez and Carlson",Healthcare,201-500,GB,enterprise,2025-03-04
user_00462,kelli32@example.com,Luke Galvan,"Brown, Kelly and Moore",Healthcare,201-500,CA,pro,2025-02-22
user_00463,martinezjesse@example.net,Nicole Trujillo,Quinn-Smith,Non-profit,51-200,IN,free,2025-05-30
user_00464,ihoward@example.com,Karina Kim,Daniels-Henry,E-commerce,201-500,FR,pro,2025-05-08
user_00465,amymorris@example.com,Ronald Rocha,"Martin, Schmidt and Cole",Media,201-500,AU,pro,2025-11-06
user_00466,amber70@example.net,Morgan Andrade,"Vincent, Parsons and Allen",Education,500+,GB,enterprise,2025-03-04
user_00467,barrettamber@example.com,Michael Cannon,Austin LLC,Marketing Agency,1-10,CA,pro,2025-04-05
user_00468,hdavidson@example.org,Andrea Conley,White Inc,SaaS,201-500,IN,free,2025-03-31
user_00469,daniellee@example.org,Sara Barrett,"Hanson, Garza and Williams",SaaS,51-200,GB,free,2025-03-25
user_00470,catherinejones@example.org,Tanya Collier,Owen-Brown,Education,51-200,CA,free,2025-12-07
user_00471,yshort@example.net,Luis Rice,"Jones, Torres and Blackburn",Healthcare,51-200,AU,free,2025-05-07
user_00472,garciajerry@example.com,Joseph Wright,"Meza, Hansen and Grant",Marketing Agency,11-50,IN,pro,2025-01-18
user_00473,mirandabarbara@example.net,Maurice Andrade,Sparks PLC,Finance,1-10,US,free,2025-04-26
user_00474,qwagner@example.org,Lindsay Mahoney,Pierce-Shea,Healthcare,11-50,IN,enterprise,2025-01-24
user_00475,robert65@example.net,Joshua Brooks,"Howe, King and Nixon",E-commerce,1-10,FR,free,2025-03-16
user_00476,amoyer@example.net,Duane Smith,Holder LLC,SaaS,11-50,CA,free,2025-02-28
user_00477,evansjeffrey@example.com,Rodney Norris,Ellison-Dixon,SaaS,201-500,FR,pro,2025-01-02
user_00478,clintonstevens@example.org,Jacob Perkins,Scott LLC,Healthcare,500+,IN,pro,2025-09-01
user_00479,duncanashley@example.org,Misty Mcguire,Freeman Ltd,SaaS,1-10,BR,enterprise,2025-02-03
user_00480,larsonkevin@example.net,Jane Deleon,Bailey-Montoya,SaaS,11-50,DE,free,2025-03-25
user_00481,hconrad@example.org,Sarah Mcfarland,"Waters, Reyes and Torres",Non-profit,1-10,DE,pro,2025-02-18
user_00482,floresannette@example.com,Connie Williams,"Osborn, Maddox and Mullins",Healthcare,51-200,US,pro,2025-04-28
user_00483,walkerkeith@example.com,George Alvarez,"Williams, Ross and Miller",Finance,201-500,CA,enterprise,2025-11-05
user_00484,iayala@example.org,Mr. James Duncan,"Gilbert, Fitzgerald and Sanchez",Marketing Agency,51-200,FR,pro,2025-05-04
user_00485,adamsrussell@example.net,Ann Powers,Diaz-Lee,SaaS,201-500,CA,free,2025-04-21
user_00486,brittney04@example.org,Lisa Branch MD,Alexander and Sons,Media,1-10,US,free,2025-01-14
user_00487,ginamoore@example.net,Ashley Brown,"Mcintosh, Melton and Wilkins",Healthcare,201-500,BR,pro,2025-06-04
user_00488,cooperlinda@example.com,Alexander Clark,"Lewis, Payne and Christensen",SaaS,51-200,CA,pro,2025-04-15
user_00489,jdean@example.net,Alicia Aguilar,"Rose, Scott and Brown",SaaS,500+,FR,enterprise,2025-04-10
user_00490,kristinawilliamson@example.org,Tony Jones,"Nelson, Christian and Keller",E-commerce,51-200,BR,pro,2025-05-04
user_00491,smithmichelle@example.net,William Romero,"Garcia, Stewart and Delacruz",Media,1-10,BR,free,2025-11-25
user_00492,lopezvincent@example.com,Michelle Williams,"Torres, Burns and Garner",Non-profit,11-50,CA,pro,2025-04-29
user_00493,reedmichael@example.net,Zachary Irwin,Cain-Garrett,SaaS,201-500,FR,pro,2025-01-27
user_00494,bzamora@example.net,Courtney Peterson,Sandoval-Miller,Education,11-50,DE,free,2025-05-20
user_00495,rmeyer@example.net,Melissa Butler,"Hernandez, Waller and Browning",Marketing Agency,51-200,BR,pro,2025-02-15
user_00496,shane23@example.net,Joshua Mcbride,Parker Ltd,E-commerce,201-500,IN,free,2025-01-13
user_00497,russellstout@example.org,Krystal Moore,Grant Ltd,SaaS,51-200,GB,pro,2025-01-11
user_00498,whitemary@example.org,Pamela Beard,Ali-Turner,E-commerce,11-50,US,enterprise,2025-01-20
user_00499,edwin31@example.org,Phillip Salazar,Obrien-Salazar,Finance,51-200,BR,free,2025-01-03
user_00500,jerryjohnson@example.org,Karen Shaw,"Harrison, Banks and White",Marketing Agency,500+,BR,enterprise,2025-03-11
user_00501,ihenry@example.org,Andrew Duran,Schaefer Group,Education,51-200,CA,free,2025-02-18
user_00502,juliamcneil@example.org,Timothy Duke,"Burns, Nguyen and Ellis",Marketing Agency,11-50,AU,pro,2025-01-24
user_00503,ronaldparsons@example.net,Jamie Edwards,"Crosby, Armstrong and Herrera",E-commerce,201-500,DE,enterprise,2025-01-18
user_00504,meyershannon@example.org,Danielle Medina,"Williams, Hughes and Hubbard",Finance,1-10,FR,free,2025-05-01
user_00505,leescott@example.com,Donna Jackson,Austin-Brown,Media,201-500,FR,pro,2025-04-20
user_00506,stevenlucas@example.org,Ashley Osborne,,Media,500+,AU,enterprise,2025-04-06
user_00507,whitebrittany@example.net,Sonya Davis,Holt-Meadows,Education,1-10,FR,free,2025-03-21
user_00508,jennifermartinez@example.org,Madison Miller,"Cruz, Moody and Hunt",Non-profit,1-10,AU,free,2025-05-08
user_00509,nicholasjames@example.org,Krystal Keller,Martin and Sons,Marketing Agency,11-50,DE,free,2025-02-16
user_00510,kaylawilliams@example.com,Randy Griffin,"White, Roach and Horne",Healthcare,51-200,IN,enterprise,2025-02-14
user_00511,deanjohnny@example.com,Mr. Robert Franklin MD,Chapman Group,SaaS,201-500,CA,pro,2025-02-02
user_00512,fortiz@example.net,Dana Kelley,"Fuller, Wilkins and Clark",SaaS,11-50,DE,free,2025-01-13
user_00513,eddiedelgado@example.org,Andrew Lane,"Evans, Knapp and Williams",Healthcare,51-200,FR,enterprise,2025-03-03
user_00514,kchaney@example.net,Matthew Graves,"Cobb, Thompson and Gibson",Media,11-50,CA,free,2025-02-15
user_00515,sarah14@example.com,James Jones,Bridges-Brown,Education,201-500,CA,free,2025-02-01
user_00516,staylor@example.com,Jason Clark,Salazar Inc,Non-profit,201-500,DE,free,2025-05-30
user_00517,webbhaley@example.net,Lee Stewart,"Andrews, Hanson and Ho",Non-profit,500+,US,free,2025-02-05
user_00518,ostone@example.com,Christopher Lynch DDS,Smith Inc,Media,51-200,BR,free,2025-03-05
user_00519,hgarrett@example.net,Rebecca Duarte,Williams-Bailey,SaaS,1-10,BR,free,2025-05-12
user_00520,alexharris@example.com,Barry Evans,"Nguyen, Smith and Jennings",Media,1-10,IN,pro,2025-08-04
user_00521,randy99@example.org,Cheyenne Bass,"Mendoza, Wells and Johnson",Marketing Agency,11-50,GB,free,2025-01-28
user_00522,timothyburton@example.net,Julia Olsen,"Brown, Meyer and Cunningham",E-commerce,500+,DE,free,2025-03-19
user_00523,angela03@example.net,Rebecca Barron,Jones-Hernandez,E-commerce,11-50,IN,free,2025-01-30
user_00524,morgannicholas@example.net,Laura Price,"Wilson, Patton and Parker",Education,1-10,US,enterprise,2025-02-05
user_00525,jennifer46@example.org,David Hayes DVM,Warren and Sons,Healthcare,201-500,IN,free,2025-01-20
user_00526,brooksbenjamin@example.org,Jill Johnson,Stein-Moore,Education,11-50,GB,free,2025-05-13
user_00527,sandra84@example.com,Shane Short,"Rhodes, Anderson and Hardy",Marketing Agency,500+,AU,enterprise,2025-03-28
user_00528,hhughes@example.org,Timothy Mcdaniel,"Wiggins, Cook and Small",Finance,1-10,CA,free,2025-04-07
user_00529,meyerdonna@example.com,Peter Fowler,Flores and Sons,Media,500+,US,free,2025-01-27
user_00530,joshua57@example.net,Chase Hill,Mullen PLC,Finance,500+,IN,pro,2025-10-31
user_00531,clarkmichael@example.com,Tony Brock,"Sanchez, Jones and Austin",Healthcare,51-200,GB,pro,2025-04-20
user_00532,amber02@example.org,Michael Rodriguez,Miller Group,Non-profit,1-10,IN,free,2025-04-26
user_00533,janetvance@example.net,Melissa Jensen,Cook-Gonzalez,Media,11-50,CA,pro,2025-05-29
user_00534,beltrankatelyn@example.com,Anna Lang,"Mcdonald, Bryant and Cohen",Marketing Agency,11-50,BR,free,2025-02-16
user_00535,oruiz@example.org,Lisa Durham,White-Stark,Education,51-200,US,free,2025-02-03
user_00536,kristina57@example.com,John Bell,Singleton-Campbell,SaaS,500+,AU,enterprise,2025-05-17
user_00537,cassandra28@example.org,Miguel Rodriguez,"Banks, Sparks and Patel",Finance,500+,DE,enterprise,2025-11-11
user_00538,pgarza@example.net,Christopher Olson,Peterson Ltd,Media,500+,AU,free,2025-01-08
user_00539,bmueller@example.net,Kimberly Young,"Caldwell, Stevenson and Joseph",Media,11-50,FR,free,2025-04-03
user_00540,mwilson@example.com,Brent Wallace,Blanchard-Jones,Education,1-10,US,enterprise,2025-12-23
user_00541,jenningscandace@example.com,Matthew Brown,Montoya PLC,E-commerce,500+,FR,enterprise,2025-05-17
user_00542,shermandonna@example.com,Jean Lane,Harris LLC,Healthcare,500+,CA,pro,2025-05-26
user_00543,ashley46@example.net,Mrs. Ann Smith,"Powell, Anderson and Phillips",SaaS,201-500,IN,free,2025-03-04
user_00544,rachel00@example.net,Veronica Rodriguez,Glenn-Young,Education,11-50,GB,pro,2025-02-03
user_00545,tgarrett@example.com,Jeffrey Clark,Wells and Sons,SaaS,11-50,US,pro,2025-05-23
user_00546,xbridges@example.com,Zachary Santiago,Smith Ltd,Marketing Agency,11-50,FR,free,2025-08-11
user_00547,THOMASNICOLE@EXAMPLE.NET,William Miller,"Shaffer, Dalton and English",E-commerce,201-500,GB,free,2025-08-26
user_00548,dhanson@example.net,Robert Cruz,Lopez PLC,Education,11-50,CA,free,2025-01-16
user_00549,lanemelanie@example.org,Debra House,"Richardson, Good and Carroll",Education,201-500,US,pro,2025-09-18
user_00550,daniel71@example.org,Kelsey Villarreal,Marshall-Miller,Education,51-200,CA,pro,2025-02-18
user_00551,sanchezcrystal@example.net,Angela Schultz,"Edwards, Brown and Cooper",Healthcare,11-50,BR,free,2025-01-19
user_00552,harrisonwilliam@example.com,Erin Gomez,Roberts-Johnson,Healthcare,1-10,IN,free,2025-03-15
user_00553,jessica94@example.org,Laura Berry,"Mooney, Lamb and Weber",Media,11-50,IN,pro,2025-08-13
user_00554,todd28@example.org,Diana Anderson,Hill-Scott,Education,51-200,CA,free,2025-01-07
user_00555,munozrenee@example.net,Jeremy Morton,Patton-Young,SaaS,1-10,CA,enterprise,2025-02-03
user_00556,laurenatkins@example.com,Dr. Linda Underwood,Mullins-Gutierrez,Marketing Agency,201-500,GB,enterprise,2025-04-30
user_00557,cyoung@example.net,Christine Navarro,Brown-Baker,E-commerce,51-200,AU,free,2025-03-26
user_00558,williamssteven@example.com,Paul Goodwin,"Hall, Vega and Price",Non-profit,51-200,DE,pro,2025-06-08
user_00559,dustin60@example.com,Joan Gregory,"Vega, Williams and Hardin",Finance,11-50,US,free,2025-01-10
user_00560,stephanie69@example.net,Frances Adams,Scott PLC,Finance,11-50,CA,free,2025-03-25
user_00561,RMURRAY@EXAMPLE.NET,Michael Townsend,"Rogers, Vaughn and White",E-commerce,201-500,CA,pro,2025-02-03
user_00562,chambersmarie@example.org,Joseph Jennings,Robinson-Campbell,Non-profit,1-10,BR,pro,2025-03-19
user_00563,austinharvey@example.org,Mary Houston,"Little, Erickson and Wilson",Finance,1-10,DE,free,2025-03-16
user_00564,nicholasgallagher@example.net,Tracy Kemp,"Lopez, Phillips and Guerrero",Non-profit,500+,US,free,2025-02-21
user_00565,FOWLERSANDRA@EXAMPLE.COM,Melissa Contreras,Scott-Norman,E-commerce,51-200,BR,pro,2025-05-16
user_00566,kimberly66@example.com,Deanna Hess MD,Vasquez and Sons,Marketing Agency,201-500,BR,free,2025-08-18
user_00567,fwhite@example.org,Randy Robinson,"Rodriguez, Alexander and Green",Finance,500+,AU,enterprise,2025-09-24
user_00568,jonesashley@example.com,Alicia Jimenez,"Bowman, Fitzpatrick and Ortega",Marketing Agency,500+,GB,free,2025-01-16
user_00569,edward56@example.net,Michael Wise,Graham-Anthony,SaaS,11-50,AU,free,2025-05-28
user_00570,fernandezaaron@example.net,Karen Bradley,Cook-Turner,Healthcare,11-50,GB,free,2025-03-24
user_00571,chensusan@example.org,Samuel Peterson,Hodges-Roberts,E-commerce,1-10,BR,free,2025-04-11
user_00572,gregorywilliams@example.com,Elizabeth Price,Mccoy LLC,Non-profit,500+,IN,free,2025-04-18
user_00573,omiller@example.com,Brenda Lee,"Davies, Allen and Price",Healthcare,1-10,BR,pro,2025-01-05
user_00574,victor70@example.org,George Le,Wilson-Roman,E-commerce,1-10,CA,pro,2025-04-21
user_00575,ibentley@example.org,Crystal Jones,"Thomas, Valdez and Ruiz",Education,201-500,DE,pro,2025-12-03
user_00576,sanchezdeborah@example.org,Anthony Parker,Bryant and Sons,Finance,1-10,GB,pro,2025-04-05
user_00577,meyersdaniel@example.com,Lisa Brown,Simmons Ltd,Healthcare,1-10,BR,pro,2025-01-28
user_00578,rnguyen@example.net,Erica Oconnell,Duran PLC,Marketing Agency,201-500,DE,pro,2025-05-09
user_00579,matthewmartinez@example.org,Carol Wood,Gonzales PLC,Non-profit,51-200,DE,free,2025-01-08
user_00580,andersonkylie@example.net,Paula Smith,Miller-Smith,E-commerce,11-50,GB,pro,2025-11-30
user_00581,mannbrittney@example.com,Robert Barton,"Martinez, Thomas and Nelson",Education,51-200,BR,free,2025-05-25
user_00582,ljenkins@example.net,Linda Love,"Clements, Burton and Patton",Media,201-500,IN,free,2025-01-18
user_00583,robert83@example.org,Joseph Davis,Huffman-Hatfield,Marketing Agency,500+,GB,free,2025-12-03
user_00584,stevensims@example.org,Cory Hogan,"Anthony, Pruitt and Jimenez",SaaS,500+,US,pro,2025-05-18
user_00585,elizabethwilliams@example.net,Daniel King,"Trujillo, Chang and Williams",Media,1-10,IN,enterprise,2025-02-08
user_00586,buckleygregory@example.org,Mr. Steven Griffith,"Riley, Barnes and Burgess",Non-profit,51-200,IN,pro,2025-03-11
user_00587,jerry15@example.org,Oscar Kane,Vance-Jones,Marketing Agency,11-50,FR,enterprise,2025-05-04
user_00588,bbrown@example.org,Leon Thompson,Taylor-Cortez,Finance,500+,FR,free,2025-03-28
user_00589,theresa35@example.org,Keith Ramirez,York Group,E-commerce,51-200,US,pro,2025-02-20
user_00590,vjackson@example.org,Lindsey Clarke,"Cisneros, Whitehead and Lane",Media,11-50,AU,enterprise,2025-02-01
user_00591,christophervincent@example.com,Cindy Wells,Ramirez-Blair,Marketing Agency,1-10,IN,pro,2025-02-22
user_00592,johnhamilton@example.org,Leslie Hernandez,"Villanueva, Butler and Williams",Marketing Agency,11-50,DE,free,2025-09-09
user_00593,gquinn@example.org,James Pacheco,"Nicholson, Chavez and Allen",Non-profit,201-500,BR,pro,2025-03-01
user_00594,steelerichard@example.org,Edward Holland,Smith Ltd,Finance,51-200,BR,free,2025-06-28
user_00595,evan79@example.net,Vanessa Ford,Sawyer Group,Education,500+,DE,pro,2025-01-02
user_00596,kristywood@example.com,April Burton,Barry-Cook,Education,51-200,FR,pro,2025-01-21
user_00597,phillipskaren@example.net,Kimberly Norton,"Miller, Gilmore and Fitzgerald",Non-profit,11-50,GB,pro,2025-04-12
user_00598,robertsonrenee@example.com,Ashley Diaz,"Williams, Richardson and Wong",Healthcare,51-200,GB,enterprise,2025-02-16
user_00599,castrokim@example.org,Mrs. Ashley Mendoza,"Pitts, Warner and Mullins",Non-profit,51-200,BR,pro,2025-09-12
user_00600,lukehurst@example.net,Destiny Brown,Chavez-Mason,Media,51-200,AU,free,2025-05-24
user_00601,harrisonamanda@example.net,Jodi Richardson,"Dougherty, Lamb and Everett",Education,500+,DE,pro,2025-05-04
user_00602,lopeznicole@example.org,Steven Roberts,Rodriguez LLC,SaaS,51-200,CA,pro,2025-11-23
user_00603,terrytyler@example.org,Lori Carter,"Weaver, Anderson and Reed",SaaS,51-200,CA,free,2025-05-24
user_00604,brojas@example.com,Alex Pham,"Newman, Jenkins and Cooper",Non-profit,201-500,FR,pro,2025-02-13
user_00605,todd88@example.com,Keith Villanueva,Jackson-Green,E-commerce,201-500,US,free,2025-04-24
user_00606,swatson@example.org,Duane Huber,"Glass, Joseph and Mitchell",E-commerce,201-500,AU,pro,2025-08-15
user_00607,maryschwartz@example.net,Candace Wilson,Andrews-Alexander,Non-profit,201-500,US,free,2025-05-13
user_00608,jack80@example.net,Gregg Watson,"Cantrell, Ferguson and Martinez",Media,51-200,BR,free,2025-02-28
user_00609,sullivanvictor@example.org,Tanya Moore,"Payne, Romero and Holland",Finance,11-50,FR,enterprise,2025-12-13
user_00610,thomas49@example.net,Keith Meadows,Morgan-Rodriguez,Finance,51-200,GB,pro,2025-03-12
user_00611,imccullough@example.net,Elizabeth Morales,Griffin Inc,Non-profit,11-50,GB,free,2025-01-12
user_00612,brian39@example.net,Timothy Ramirez,Miller Group,E-commerce,11-50,BR,pro,2025-01-31
user_00613,daughertypreston@example.com,Larry Harding,"Ward, Hernandez and Nash",Finance,201-500,US,free,2025-03-20
user_00614,paul04@example.com,William Sawyer,Lewis Group,Marketing Agency,51-200,AU,pro,2025-02-08
user_00615,slara@example.org,Tracy Coleman,Taylor-Matthews,Media,11-50,FR,pro,2025-01-01
user_00616,thomaskevin@example.net,Mrs. Toni Avila,Smith Ltd,Non-profit,11-50,CA,free,2025-01-20
user_00617,robert87@example.net,Suzanne Gonzalez,Roberts-Henry,Finance,500+,FR,enterprise,2025-04-26
user_00618,mary47@example.net,Courtney Moody,Baker Ltd,Education,201-500,FR,enterprise,2025-05-14
user_00619,qmartinez@example.com,John Watts,Johnson LLC,Healthcare,1-10,AU,enterprise,2025-03-06
user_00620,egamble@example.net,Lauren Cunningham,Burton-Alvarez,Marketing Agency,500+,GB,free,2025-01-26
user_00621,brooksjessica@example.org,Carla Brown,Murray-Steele,Marketing Agency,201-500,DE,pro,2025-05-19
user_00622,frank45@example.com,Tina Williams,Moreno-Mayer,Marketing Agency,1-10,US,free,2025-08-31
user_00623,katiewhite@example.org,Carol Morris,Serrano-Cohen,Healthcare,1-10,DE,free,2025-01-23
user_00624,joseph51@example.net,Samantha Smith,"Campbell, Maxwell and Jenkins",Marketing Agency,51-200,BR,free,2025-01-30
user_00625,curtismoore@example.org,Rebecca Hansen,"Guerra, Fox and Patel",SaaS,201-500,CA,pro,2025-05-09
user_00626,butlersabrina@example.org,Tammy Mendoza,Vazquez-Taylor,E-commerce,1-10,IN,free,2025-04-30
user_00627,mpreston@example.net,Gloria Mckinney,Garner Inc,Media,51-200,BR,pro,2025-02-08
user_00628,davidbenson@example.net,Calvin Anderson,Coleman Inc,Media,201-500,FR,pro,2025-01-08
user_00629,smithtodd@example.com,Brian Mcguire,"Watkins, Harrison and Kerr",E-commerce,500+,IN,pro,2025-01-03
user_00630,joneselizabeth@example.org,Tamara Harris,Lopez LLC,E-commerce,1-10,DE,pro,2025-01-18
user_00631,davismeghan@example.com,Hannah Martin,,Non-profit,51-200,IN,enterprise,2025-03-30
user_00632,garciabelinda@example.org,Michelle Brandt,Winters PLC,Non-profit,51-200,FR,enterprise,2025-02-03
user_00633,beltrancorey@example.org,Sarah Wells,"Lawrence, Gonzales and Rosario",Marketing Agency,1-10,GB,free,2025-01-23
user_00634,maryzavala@example.com,Darren Rodriguez,Martinez-Rodriguez,Finance,500+,DE,free,2025-02-03
user_00635,tylerward@example.com,Amanda Murphy,Cruz Group,Education,11-50,CA,free,2025-02-06
user_00636,gloria73@example.net,William Patterson,Jacobson Group,Healthcare,201-500,BR,free,2025-03-30
user_00637,harry71@example.com,Matthew Miller,Foster Ltd,Marketing Agency,11-50,CA,free,2025-02-02
user_00638,FIGUEROAPATRICIA@EXAMPLE.ORG,William Morgan,"Anthony, Powell and Hall",Finance,11-50,BR,pro,2025-04-25
user_00639,rhardy@example.net,Linda Avila,"Harding, Kelly and Estrada",SaaS,201-500,IN,free,2025-08-26
user_00640,garcher@example.com,Jesse Martinez,Crawford-Fuller,E-commerce,51-200,FR,free,2025-03-21
user_00641,anthonyrojas@example.org,Mr. Christopher Jacobs MD,Howell-Davis,Media,51-200,CA,pro,2025-05-12
user_00642,guerreroapril@example.com,Christina Bates,Wagner-Daniels,Education,201-500,GB,free,2025-05-22
user_00643,cisnerosanthony@example.com,Barbara Cole,Ramos-Johnson,Marketing Agency,1-10,GB,enterprise,2025-08-05
user_00644,angeladalton@example.com,Carly Jordan,Baldwin-Freeman,SaaS,1-10,IN,enterprise,2025-04-02
user_00645,carrolltracy@example.net,Laura Alvarez,Hunter Group,Marketing Agency,500+,AU,enterprise,2025-03-06
user_00646,troy69@example.net,William Flores,Garza and Sons,Media,1-10,IN,free,2025-03-15
user_00647,michael90@example.net,Brent Reed,Jenkins-Brown,Finance,201-500,FR,free,2025-04-22
user_00648,johnwong@example.net,Michael Melton,Morgan Inc,Marketing Agency,1-10,BR,pro,2025-04-07
user_00649,benjamin69@example.net,Deborah Dominguez,"Johnson, Stewart and Hudson",E-commerce,500+,DE,pro,
user_00650,ashley71@example.net,Gabriella Shaw,"Morgan, Mendez and Cox",Finance,51-200,FR,free,2025-08-07
user_00651,oharris@example.org,Kimberly Mitchell,,Finance,51-200,IN,free,2025-11-14
user_00652,nballard@example.net,Michelle Lane,"Rogers, Jones and Solis",E-commerce,1-10,AU,pro,2025-05-22
user_00653,wsimmons@example.org,Elizabeth Brock,Alvarado-Edwards,Non-profit,500+,FR,enterprise,2025-03-10
user_00654,nmorales@example.net,Phillip White,Burton PLC,Finance,11-50,BR,enterprise,2025-01-18
user_00655,barbaralewis@example.net,Debra Little,"Farrell, Meadows and Michael",E-commerce,201-500,AU,free,2025-04-29
user_00656,boydmichael@example.org,Paul Cannon,Jenkins-Dalton,E-commerce,201-500,US,pro,2025-02-07
user_00657,waltersmeghan@example.com,Maria Scott,"Young, Allen and Hernandez",E-commerce,201-500,IN,pro,2025-11-22
user_00658,sanchezmargaret@example.com,Dr. Javier Bullock,Moore and Sons,Finance,1-10,US,free,2025-04-08
user_00659,greenlinda@example.net,Maria Williams,"Tucker, Smith and Heath",Finance,500+,GB,enterprise,2025-03-26
user_00660,edwardskenneth@example.org,Jennifer Cox,"Blackwell, Sanders and Larsen",SaaS,1-10,BR,pro,2025-02-03
user_00661,joelduncan@example.net,Kelly Calderon,"King, Wilkerson and Young",Healthcare,201-500,AU,enterprise,2025-04-28
user_00662,mejialawrence@example.net,Renee Manning,Robinson-Rodriguez,Finance,11-50,GB,enterprise,2025-03-08
user_00663,taragonzales@example.com,Amy Ferguson,"Fry, Stewart and Coleman",Non-profit,500+,FR,enterprise,2025-05-16
user_00664,sylviasuarez@example.org,Mike Underwood,Brewer PLC,Media,11-50,AU,pro,2025-12-30
user_00665,skinnereileen@example.org,Rachel Allen,"Cruz, Fowler and Haynes",SaaS,11-50,FR,pro,2025-02-26
user_00666,nicholsjoel@example.com,Theodore Long,Turner-Mayer,Finance,500+,BR,free,2025-10-23
user_00667,kennethvillarreal@example.org,Lynn Suarez,"Sullivan, Johnson and Delacruz",Healthcare,1-10,CA,free,2025-04-14
user_00668,aruiz@example.com,Sherri Wilkins,Hale PLC,Marketing Agency,11-50,DE,free,2025-01-29
user_00669,bellcarrie@example.net,Jody Johnson,Davidson and Sons,Non-profit,11-50,US,enterprise,2025-03-04
user_00670,igibbs@example.org,Mark Edwards,Rodriguez and Sons,Marketing Agency,51-200,IN,free,2025-02-27
user_00671,melaniejennings@example.com,Shane Anderson,Mcdaniel LLC,Media,500+,BR,pro,2025-05-12
user_00672,james65@example.org,James Davenport,"Walker, Vaughan and Leblanc",Marketing Agency,201-500,BR,free,2025-05-16
user_00673,rebeccamccann@example.org,Samuel Williams,"Patterson, Green and Davis",Marketing Agency,1-10,DE,free,2025-05-14
user_00674,george91@example.org,Jessica Mora,Wilcox-Snyder,Education,500+,AU,enterprise,2025-03-28
user_00675,jenniferlee@example.com,Johnny Anderson,Greene LLC,SaaS,1-10,GB,free,2025-03-17
user_00676,robertortiz@example.org,William Young,Solomon-Wood,Healthcare,1-10,BR,pro,2025-10-13
user_00677,emiller@example.org,Valerie Sanders,Reeves Ltd,Non-profit,1-10,FR,free,2025-02-21
user_00678,qfitzgerald@example.org,Anthony Cook,Ruiz LLC,Education,500+,US,free,2025-01-31
user_00679,smithwilliam@example.com,James Wood,"Williams, White and Jackson",Non-profit,201-500,FR,pro,2025-08-31
user_00680,dconrad@example.org,Michael Hamilton,Wilson-Williams,Media,11-50,CA,free,2025-05-18
user_00681,victormcpherson@example.com,Tammy Campbell,Austin-Juarez,Healthcare,1-10,FR,free,2025-03-03
user_00682,zachary62@example.com,Katherine Dodson,"Farrell, Sandoval and Yates",Education,51-200,DE,pro,
user_00683,lopezbrian@example.org,David Mccarthy,Wilson-Woodard,Finance,500+,US,pro,2025-05-27
user_00684,wwilliams@example.net,Judith Rodriguez,"Camacho, Martinez and Davis",Media,1-10,FR,free,2025-03-09
user_00685,henry28@example.com,Mary Lewis,Fox PLC,Non-profit,1-10,FR,free,2025-01-23
user_00686,robertjones@example.com,Stacy Johnson,"Zavala, Martinez and Brooks",Marketing Agency,51-200,AU,free,2025-04-09
user_00687,hooderic@example.org,Michael Castillo,"Moses, Wheeler and Smith",SaaS,500+,US,enterprise,2025-01-16
user_00688,douglasstephanie@example.com,Zoe Meadows,"Anderson, Boyer and Solis",Media,201-500,CA,pro,2025-02-10
user_00689,marcus01@example.net,Jane Ross,Allen Group,Healthcare,1-10,GB,enterprise,2025-05-17
user_00690,smithjared@example.com,Dominique Goodwin,"Moore, Evans and Owen",E-commerce,1-10,US,free,2025-05-20
user_00691,rebecca92@example.com,Sandra Hunt,Griffin-Hughes,Media,51-200,BR,pro,2025-02-18
user_00692,anna61@example.com,Lisa Hamilton,Davis-Palmer,Education,1-10,BR,free,2025-05-03
user_00693,prhodes@example.net,Tara Rose,"Warren, Roberts and Kim",E-commerce,500+,US,free,2025-04-14
user_00694,ievans@example.net,Sarah Mills,Carroll-Arnold,E-commerce,51-200,DE,free,2025-01-29
user_00695,palmerwilliam@example.com,Matthew Carroll,Kelly-Richards,Finance,201-500,BR,pro,2025-02-24
user_00696,wilsondorothy@example.org,Sarah Williams,Mcdowell-Evans,Media,11-50,BR,pro,2025-01-12
user_00697,ctodd@example.net,Gloria Hull,Clark Inc,SaaS,51-200,FR,pro,2025-11-26
user_00698,monica16@example.net,James Smith,"Woods, Holt and Melton",SaaS,1-10,US,pro,2025-01-05
user_00699,nturner@example.com,Tracey Leonard,Miller-Taylor,E-commerce,51-200,AU,free,2025-04-26
user_00700,DANIELSMITH@EXAMPLE.ORG,Christine Wong,"Allen, Wilkinson and Garrison",Media,201-500,GB,pro,2025-12-17
user_00701,christophercarrillo@example.org,Alex Martin,Rodgers Group,Non-profit,11-50,CA,pro,2025-02-12
user_00702,cruiz@example.net,Edward Gallegos,Williams-Smith,Finance,500+,CA,enterprise,2025-04-21
user_00703,fpetty@example.net,Monique Duarte,Freeman Group,Media,500+,IN,free,2025-01-14
user_00704,dhall@example.net,Kenneth Tran,Orozco-Butler,Media,1-10,DE,free,2025-05-19
user_00705,nwilson@example.net,Michael Smith,Barber-Harrison,Finance,51-200,DE,free,2025-02-07
user_00706,ohall@example.net,Gina Guzman,"Sandoval, Anderson and Carter",Education,51-200,BR,pro,2025-01-30
user_00707,rmoyer@example.net,Rebecca Marsh,Howell LLC,Media,201-500,DE,free,2025-03-02
user_00708,estradadavid@example.org,Johnathan Leon,Torres-Clark,Education,201-500,IN,pro,2025-02-22
user_00709,kiddmichael@example.com,Christopher Clayton,"Johnson, Brown and Jordan",E-commerce,11-50,CA,pro,2025-03-01
user_00710,davidwalker@example.com,Rachel Hammond PhD,"Adams, Hernandez and Vaughn",Media,51-200,CA,enterprise,2025-11-30
user_00711,mccarthysara@example.com,Tonya Campos,Harrington PLC,Marketing Agency,500+,BR,free,2025-12-13
user_00712,colonbobby@example.org,Bruce Harris,Moore-Carter,Non-profit,500+,IN,enterprise,2025-03-24
user_00713,fgill@example.net,Brittany Cox,Martinez and Sons,Media,500+,DE,free,2025-01-29
user_00714,xmontes@example.org,Robert Peterson,"Jackson, Adams and Espinoza",Healthcare,51-200,US,pro,2025-04-08
user_00715,qward@example.org,Paul Fisher,Taylor Group,SaaS,201-500,GB,pro,2025-04-30
user_00716,dhardin@example.net,Heidi Johnson,Carrillo Ltd,SaaS,201-500,FR,pro,2025-04-20
user_00717,millerleroy@example.org,James Johnson,"Hernandez, Andrews and Levine",E-commerce,51-200,FR,pro,2025-05-28
user_00718,robert84@example.net,Susan Smith,Mccullough-Bishop,Education,201-500,IN,free,2025-05-10
user_00719,ISABELLAGRIFFIN@EXAMPLE.ORG,Lori Montgomery,Terry-Barron,Education,1-10,DE,free,2025-12-09
user_00720,trowe@example.org,George Hardy,"Hobbs, Meyer and Fernandez",SaaS,201-500,BR,pro,2025-04-13
user_00721,christopherarnold@example.net,Mark Johnson,"Vargas, Allen and Schroeder",E-commerce,500+,DE,enterprise,2025-05-07
user_00722,hbenitez@example.net,Jake Sims,Martinez-Sherman,Education,51-200,IN,pro,2025-02-13
user_00723,westashley@example.org,William Trujillo,"Cunningham, Kline and Burton",SaaS,201-500,GB,pro,2025-12-11
user_00724,michaelmitchell@example.net,Brenda Gray,"Wright, Murphy and Aguilar",Media,11-50,GB,pro,2025-04-10
user_00725,shawn26@example.com,Antonio Beasley,Lewis-Miller,E-commerce,11-50,BR,pro,2025-04-27
user_00726,hchapman@example.com,Lauren Fields,Barker-Gould,Finance,201-500,AU,free,2025-10-07
user_00727,jcolon@example.net,Michael Anderson,"Palmer, Rice and Benson",Marketing Agency,11-50,US,enterprise,2025-05-06
user_00728,vkennedy@example.org,Jaclyn Crane,"Phelps, Rodriguez and Wood",Marketing Agency,500+,GB,free,2025-04-26
user_00729,billy21@example.com,James Carter,Moody and Sons,Healthcare,500+,US,enterprise,2025-02-20
user_00730,twilliams@example.com,Robert Burns,Kelley Inc,Non-profit,1-10,AU,pro,2025-10-10
user_00731,butlerashley@example.net,George Bennett,"Bass, Anderson and Taylor",SaaS,11-50,BR,enterprise,2025-04-02
user_00732,qgill@example.com,Nicholas Davis,"Beck, Ortiz and Hall",SaaS,500+,DE,enterprise,2025-04-24
user_00733,cmorgan@example.net,Nancy Brewer,Mann PLC,Finance,500+,CA,free,2025-05-14
user_00734,ann18@example.org,Luke Ray,Bernard PLC,Marketing Agency,11-50,BR,free,2025-03-16
user_00735,karenshaw@example.org,Timothy White,Hill and Sons,Finance,500+,US,free,2025-08-24
user_00736,mariacombs@example.net,Robert Lawson,Chapman-Henry,E-commerce,1-10,IN,pro,2025-07-26
user_00737,morganhenry@example.org,Emily Scott,Petty PLC,Marketing Agency,201-500,BR,pro,2025-04-28
user_00738,justinwhite@example.org,Tristan Gregory,Mendez LLC,Healthcare,11-50,IN,pro,2025-01-09
user_00739,anthonybrown@example.com,Charles Orozco,Bennett-Carey,E-commerce,201-500,GB,free,2025-05-29
user_00740,williamsjohn@example.net,Katherine Goodwin,Avery-Adams,E-commerce,51-200,BR,free,2025-05-29
user_00741,steven61@example.com,Mark Mcintyre,Adams PLC,Marketing Agency,500+,CA,pro,2025-01-02
user_00742,sanchezangela@example.org,Jason Miller,"Mason, Patton and Thomas",Education,201-500,FR,pro,2025-03-14
user_00743,kimberlymedina@example.com,Kristen Williams,Woodward-Oliver,Non-profit,51-200,BR,pro,2025-03-24
user_00744,aaronmahoney@example.com,David Frazier,Kirby-Lewis,Healthcare,11-50,BR,free,2025-04-29
user_00745,brandon89@example.org,James Martinez,Hardy LLC,Education,500+,IN,pro,2025-04-19
user_00746,gclark@example.com,Theresa Reid,"Chavez, Sanchez and Bird",Healthcare,11-50,CA,pro,2025-03-01
user_00747,jason95@example.org,Brandi Nielsen,"Alvarez, Valenzuela and Chambers",SaaS,1-10,AU,pro,2025-06-23
user_00748,speters@example.net,James Miller PhD,"Jones, Johnson and Collier",Marketing Agency,11-50,BR,enterprise,2025-03-07
user_00749,wchambers@example.com,Heather Thompson,"Terrell, Martinez and Wood",SaaS,201-500,BR,enterprise,2025-01-03
user_00750,seanwalker@example.org,Melanie Fletcher,Davis PLC,E-commerce,500+,US,free,2025-02-21
user_00751,lindsey33@example.com,Amanda Vasquez,"Mann, Clark and Gonzalez",Non-profit,500+,US,enterprise,
user_00752,rrodriguez@example.net,Carolyn Lee,"Knight, Fleming and Cunningham",Finance,201-500,US,free,2025-11-15
user_00753,chapmanjulie@example.org,Kelly Perez,"Daniel, Hill and Abbott",Non-profit,11-50,US,enterprise,2025-05-08
user_00754,braunheather@example.net,Melanie Ware,Pace Ltd,Media,500+,GB,pro,2025-07-18
user_00755,nashmarcus@example.com,Michael Owens,Holmes-Williams,Marketing Agency,11-50,CA,free,2025-03-11
user_00756,brandonhull@example.net,Aaron Lee,Beard Inc,Healthcare,201-500,AU,free,2025-10-30
user_00757,tiffanycoleman@example.org,Christina Murphy,Garrett Inc,E-commerce,500+,DE,pro,2025-05-24
user_00758,castillolindsey@example.net,Taylor Pittman,Rodriguez and Sons,Education,51-200,DE,enterprise,2025-08-06
user_00759,marissa58@example.org,Patricia Harvey,Garrett PLC,Healthcare,500+,US,pro,2025-02-07
user_00760,millerbruce@example.org,Steve Steele,Brown Group,E-commerce,500+,DE,pro,2025-03-21
user_00761,turnerconnie@example.org,Anthony Williams,Morales-Williamson,Non-profit,500+,DE,enterprise,2025-01-23
user_00762,mhall@example.net,Jody Marshall,Hobbs-Harvey,Media,51-200,IN,pro,2025-03-15
user_00763,debra07@example.net,Corey Garcia,"Reeves, Watkins and Randall",Finance,1-10,DE,enterprise,2025-04-24
user_00764,danascott@example.com,Mr. Cody Taylor,Brown LLC,Media,11-50,FR,pro,2025-05-04
user_00765,ppalmer@example.com,Stephen Rowe,Harrison PLC,Marketing Agency,51-200,AU,pro,2025-03-10
user_00766,kelly08@example.net,Brianna Young,"Trevino, Henderson and Gonzalez",Education,1-10,GB,pro,2025-03-19
user_00767,danielleharris@example.org,Michael Neal,Greene-Rivera,Non-profit,11-50,AU,free,2025-03-10
user_00768,christina65@example.org,Shawn Lozano,,Media,51-200,AU,free,2025-02-08
user_00769,heatherowens@example.org,Nicholas Cisneros,Aguirre-Bennett,Education,11-50,CA,enterprise,2025-02-18
user_00770,alopez@example.com,Hunter Spencer,Roberts and Sons,Finance,500+,US,pro,2025-01-16
user_00771,bradley03@example.org,Daniel Green,Morgan PLC,Finance,51-200,FR,enterprise,2025-07-30
user_00772,gregorysmith@example.com,Alisha Byrd,Pena-Dyer,Finance,11-50,DE,enterprise,2025-04-22
user_00773,sharon47@example.org,Jaime Jackson,"Rowland, Cuevas and Keith",Marketing Agency,500+,BR,pro,2025-05-26
user_00774,wilsonnicole@example.org,Cheryl Gray,Stewart-Jordan,Education,201-500,GB,free,2025-04-16
user_00775,samanthahines@example.net,Joseph Clarke,Wright-Soto,Finance,51-200,US,pro,2025-01-24
user_00776,monique89@example.com,Brad Ruiz,"Mendez, Jackson and Hughes",E-commerce,51-200,FR,free,2025-02-10
user_00777,victor72@example.com,Kelly Webb,Wells-Perkins,Non-profit,11-50,DE,free,2025-02-20
user_00778,clarkpatricia@example.com,Jennifer Torres,Duncan-Walls,SaaS,201-500,BR,free,2025-04-30
user_00779,jonathan12@example.org,Joseph Hall,Marshall PLC,Education,201-500,DE,pro,2025-05-17
user_00780,ronald76@example.com,Jonathan Nelson,White and Sons,Media,1-10,DE,free,2025-04-21
user_00781,deanna51@example.com,Kayla Schneider,House-Garcia,Healthcare,11-50,GB,free,2025-08-04
user_00782,wardamy@example.com,Gary Turner,"Bruce, Lee and Munoz",Marketing Agency,11-50,BR,free,2025-10-14
user_00783,yeseniagoodwin@example.net,Debbie Carrillo,Short-Logan,Education,201-500,DE,pro,2025-05-03
user_00784,lbautista@example.net,Matthew Hays,Grimes and Sons,E-commerce,11-50,US,free,2025-04-21
user_00785,jenniferclark@example.org,Rachel Todd,"Olsen, Peterson and Miller",E-commerce,201-500,FR,pro,2025-02-19
user_00786,roymcmahon@example.com,Jerry Hansen,Taylor-Russo,Non-profit,51-200,US,pro,2025-03-11
user_00787,sherry07@example.net,Gina Barnes,"Goodwin, Farmer and Vaughn",Media,500+,GB,enterprise,2025-03-10
user_00788,mark09@example.org,Brittany Cisneros,Carroll-Lloyd,Finance,201-500,CA,free,2025-04-21
user_00789,nbaird@example.com,James Wells,Hudson-Hayes,SaaS,11-50,FR,pro,2025-02-25
user_00790,christopher18@example.org,Michael Burns,Gonzalez Group,E-commerce,1-10,GB,pro,2025-04-29
user_00791,jamie48@example.org,Jacob Smith,Heath-Jenkins,Non-profit,51-200,BR,free,2025-03-02
user_00792,veronicaanderson@example.com,Benjamin Friedman,Anderson and Sons,Education,500+,IN,pro,2025-03-28
user_00793,ryan72@example.net,Emily Harris,"Cohen, Hill and Smith",SaaS,11-50,DE,enterprise,2025-02-05
user_00794,seansummers@example.net,Kelly Kent,Stevens-Johnston,Media,11-50,BR,pro,2025-09-30
user_00795,robertsnicole@example.com,Ryan Sparks,Austin-Patrick,Finance,500+,US,enterprise,2025-01-13
user_00796,robertwhite@example.net,Judith Bartlett,Hale Inc,E-commerce,1-10,DE,pro,2025-03-19
user_00797,chale@example.org,Brooke Khan,"Carter, Hendricks and Wolfe",Healthcare,51-200,AU,pro,2025-01-17
user_00798,reginajenkins@example.net,Jacob Campos,"Miranda, Nguyen and Hayes",SaaS,11-50,GB,free,2025-02-25
user_00799,jared07@example.org,Michael Brady,Cooper-Ross,Education,201-500,IN,free,2025-05-09
user_00800,randysmith@example.org,Breanna Santiago,Washington-Jones,Finance,11-50,GB,enterprise,2025-07-29
user_00801,jenniferkim@example.com,Sarah Jackson,Lawson and Sons,Healthcare,500+,DE,pro,2025-03-30
user_00802,david62@example.org,Alexandra Nelson,Howard-Robinson,E-commerce,201-500,DE,pro,2025-07-07
user_00803,staffordamanda@example.com,Sara Cain,"Bates, Keller and Garcia",Marketing Agency,1-10,GB,free,2025-02-20
user_00804,scott90@example.org,Pamela Mcfarland,Kerr-Gonzalez,Finance,201-500,DE,pro,2025-04-02
user_00805,fisherveronica@example.com,Melanie Brown,Robles Ltd,Media,1-10,FR,pro,2025-03-25
user_00806,jenniferwilliams@example.net,Gabriel Hart,Weber PLC,Media,11-50,BR,free,2025-04-19
user_00807,hmcmillan@example.org,Howard Thompson,Valdez-Smith,Healthcare,11-50,DE,free,2025-03-27
user_00808,stephenjones@example.com,Jackie Jones,Jenkins PLC,Non-profit,201-500,AU,pro,2025-05-25
user_00809,gbird@example.net,Wanda Jefferson,King Inc,E-commerce,201-500,IN,free,2025-03-12
user_00810,tina62@example.com,Philip Watts,"Olson, Rogers and Franklin",Education,1-10,GB,pro,2025-05-01
user_00811,oreyes@example.net,Kevin Mcneil,Smith Inc,E-commerce,51-200,DE,free,2025-04-14
user_00812,joel63@example.net,Chad Jimenez,Hernandez and Sons,Media,1-10,GB,pro,2025-03-27
user_00813,youngjessica@example.com,Erin Ramirez,"Buchanan, Williams and Conner",Non-profit,201-500,FR,free,2025-02-12
user_00814,swong@example.org,Nicholas Cooper,Ryan Ltd,SaaS,1-10,DE,free,2025-01-07
user_00815,lauriehorton@example.org,Jane Morris,Soto-Brown,SaaS,11-50,DE,pro,2025-01-28
user_00816,mjones@example.org,Brenda Harris,Thompson PLC,Media,201-500,IN,free,2025-11-18
user_00817,joelmiller@example.net,Christopher Gonzalez,Thompson-Wright,E-commerce,500+,AU,free,2025-01-07
user_00818,barbara34@example.com,William Sanders,Ruiz Group,Education,11-50,US,enterprise,2025-05-13
user_00819,ywolf@example.com,James Dickerson,Larson-Hernandez,Non-profit,201-500,DE,pro,2025-08-02
user_00820,jonathanford@example.com,Justin Castillo,Taylor-Harrison,Media,1-10,AU,enterprise,2025-01-11
user_00821,sabrinasmith@example.net,Jacqueline Sullivan,Bentley-Waller,Non-profit,500+,CA,free,2025-03-05
user_00822,patrick49@example.org,Andrew Dorsey,Frederick-Martin,Marketing Agency,500+,IN,free,2025-02-17
user_00823,xkrueger@example.net,Michael Reid,Horton-Curtis,E-commerce,11-50,GB,free,2025-01-31
user_00824,pfitzgerald@example.com,Robert Mccoy,"Johnson, Wade and Hernandez",Marketing Agency,1-10,FR,pro,2025-05-14
user_00825,jblackburn@example.com,Kenneth Bates,Smith Inc,E-commerce,11-50,IN,pro,2025-05-17
user_00826,lsanders@example.org,Chelsea Henderson,King-Turner,Education,201-500,AU,pro,
user_00827,uwillis@example.com,Tammy Booth,Fields LLC,SaaS,51-200,US,free,2025-03-15
user_00828,josephclark@example.net,Eric Benitez,Smith-Jones,Finance,11-50,GB,pro,2025-03-26
user_00829,pwarren@example.com,Carolyn Brooks,"Taylor, Tucker and Shaw",Non-profit,500+,GB,pro,2025-03-04
user_00830,hayeslisa@example.org,Paul Lamb,Green Group,Non-profit,500+,FR,free,2025-01-31
user_00831,nsims@example.org,Carol Carter,Martinez-Brown,SaaS,1-10,FR,pro,2025-05-04
user_00832,richardstimothy@example.net,Alexandra Adams,Ortega Inc,E-commerce,500+,BR,free,2025-04-03
user_00833,clarklatoya@example.com,Victoria Juarez,Kennedy-Rogers,SaaS,500+,DE,pro,2025-05-13
user_00834,rrogers@example.com,Dr. Teresa Ortega MD,Hester LLC,E-commerce,500+,CA,free,2025-05-05
user_00835,smithmonica@example.com,Stacy Taylor,"Martinez, Schmidt and Tapia",Marketing Agency,11-50,CA,free,2025-01-26
user_00836,miguelmontgomery@example.net,Kayla Keller,Andersen LLC,Healthcare,201-500,DE,free,2025-01-20
user_00837,schultzmorgan@example.net,Jeremy Lawson,Stevenson-Bauer,E-commerce,1-10,AU,pro,2025-02-12
user_00838,ronnie71@example.net,Lawrence Joseph,"Walter, Glover and Moran",Marketing Agency,51-200,BR,pro,2025-01-16
user_00839,ANDERSONLAURA@EXAMPLE.COM,Whitney Archer,Jackson-Griffin,Non-profit,500+,US,pro,2025-11-05
user_00840,olsonamber@example.org,Paul Keller,Garcia Ltd,Media,500+,CA,free,2025-11-21
user_00841,martinsarah@example.com,Connie Scott,Lynn-Lambert,Media,11-50,AU,pro,2025-02-14
user_00842,sandraschultz@example.com,Michael Wiggins,"Miranda, Burke and Schneider",Healthcare,1-10,FR,pro,2025-02-04
user_00843,vkent@example.net,Martha Glover,Stokes-Walker,E-commerce,11-50,GB,pro,2025-05-17
user_00844,carterdaniel@example.com,Teresa Garner,Berry and Sons,SaaS,500+,IN,free,2025-04-09
user_00845,stephanie90@example.com,Joseph Boone,Flores-Diaz,Education,51-200,BR,free,2025-12-17
user_00846,aprilguzman@example.org,Adam Phelps,Thomas-Hahn,Education,500+,AU,enterprise,2025-06-17
user_00847,vincentbryant@example.net,Paul Sweeney,"Johnson, Flores and Shaw",Non-profit,51-200,IN,free,2025-02-11
user_00848,hillmelanie@example.net,Ronald Simpson,"Levy, Brown and Patrick",Marketing Agency,51-200,US,free,2025-03-19
user_00849,mariaclark@example.net,Courtney Fitzgerald,Gates Ltd,Media,11-50,FR,free,2025-02-28
user_00850,qevans@example.org,Kimberly Rogers DDS,Todd-Myers,SaaS,1-10,US,enterprise,2025-05-14
user_00851,justin38@example.com,Frank Moody,Horn Ltd,Education,500+,AU,free,2025-01-31
user_00852,stephen29@example.org,John Merritt,Robinson Ltd,Healthcare,500+,AU,free,2025-02-28
user_00853,jillsmith@example.net,Ashley Floyd,Bennett Group,Finance,11-50,IN,free,
user_00854,saradavis@example.com,Anthony Baird,"Morgan, Hamilton and Hernandez",E-commerce,500+,DE,pro,2025-09-25
user_00855,hsanchez@example.org,Eric Carlson,Delgado Group,Marketing Agency,51-200,FR,free,2025-04-22
user_00856,stricklandmichelle@example.net,Mark Wallace,Wilson Inc,E-commerce,11-50,US,free,2025-06-18
user_00857,burnselizabeth@example.net,Kevin Archer,Hill-Mcgee,Non-profit,500+,US,free,2025-05-03
user_00858,patrickcooke@example.net,Kenneth Garcia,Reeves PLC,Media,11-50,US,free,2025-04-20
user_00859,richardhaynes@example.com,Kimberly Burnett,Brown-Hood,E-commerce,11-50,BR,enterprise,2025-03-18
user_00860,molinajared@example.net,Catherine George,Smith Group,Education,1-10,IN,free,2025-03-18
user_00861,david29@example.org,Anita Scott,Miller Inc,Non-profit,1-10,BR,pro,2025-01-10
user_00862,michael82@example.com,Mary Wright,Shah PLC,SaaS,201-500,AU,free,2025-05-16
user_00863,donna72@example.net,Erik Bartlett DVM,"Medina, Clark and Garcia",Media,11-50,CA,pro,2025-05-07
user_00864,youngjacob@example.com,Cindy Anderson,"Robinson, Howard and Anderson",E-commerce,1-10,BR,free,2025-03-25
user_00865,qjones@example.com,Steven Ross,Duffy Ltd,Education,500+,US,free,2025-03-09
user_00866,jbentley@example.net,Mark Adams,"Terry, Lee and Watson",Finance,500+,GB,enterprise,2025-03-07
user_00867,roberthernandez@example.com,Victor Wright,Martinez-Rodriguez,Education,11-50,CA,free,2025-02-15
user_00868,ojones@example.org,Gavin Nelson,Hill Inc,SaaS,51-200,US,free,2025-01-11
user_00869,opetty@example.com,Rachel Martinez,"Chandler, Parker and Nicholson",Finance,1-10,FR,free,2025-01-22
user_00870,wdavis@example.net,Diane Nelson,Mosley and Sons,Non-profit,500+,IN,free,2025-04-15
user_00871,stacey62@example.com,Megan Kramer,"Wheeler, Atkinson and Woods",Marketing Agency,201-500,US,pro,2025-01-28
user_00872,jonathonparks@example.net,Cameron Gray,"Adams, Sellers and Fowler",Non-profit,1-10,IN,free,2025-01-12
user_00873,jasmine39@example.com,Catherine Andersen,Shaw-Hill,Non-profit,51-200,CA,free,2025-01-02
user_00874,tmeyer@example.org,Scott Meza,Townsend-Bruce,Healthcare,500+,CA,free,2025-05-07
user_00875,jonesjohn@example.org,Anthony Paul,"Noble, Stokes and Smith",E-commerce,11-50,AU,enterprise,2025-07-08
user_00876,urhodes@example.org,Jose Cuevas,"Wolfe, Sullivan and Jensen",Marketing Agency,1-10,AU,pro,2025-03-30
user_00877,kleinjacqueline@example.net,Zachary Guerrero,"Sutton, Williams and West",Healthcare,11-50,US,free,2025-04-29
user_00878,emilymacias@example.net,Carrie Richardson,Palmer Inc,Non-profit,11-50,DE,free,2025-03-10
user_00879,ksimpson@example.com,Gail Shelton,"Rosales, Hodge and Roberts",Healthcare,1-10,DE,free,2025-09-01
user_00880,ncarter@example.org,Laura Robinson,Hickman-Haley,SaaS,1-10,BR,enterprise,2025-03-08
user_00881,wallspatricia@example.com,Aaron Stevens,Gomez-Smith,Media,201-500,AU,pro,2025-05-12
user_00882,richardsmith@example.com,Bradley Robertson Jr.,Gentry Inc,Education,201-500,GB,enterprise,2025-03-24
user_00883,kaylawright@example.com,Edwin Patterson,Herrera LLC,Media,11-50,DE,pro,2025-01-27
user_00884,mayodiana@example.com,Hector Hamilton,Stephenson-Fletcher,Healthcare,11-50,GB,enterprise,2025-04-12
user_00885,lopezbilly@example.com,Gary Johnson,"Gonzalez, Mendoza and Ortega",E-commerce,11-50,FR,pro,2025-04-19
user_00886,david78@example.com,Michelle Nguyen,Shaw-Mclean,Education,201-500,BR,pro,2025-02-26
user_00887,ganderson@example.org,Gregory Smith,"Young, Gregory and Peterson",Non-profit,11-50,AU,enterprise,2025-05-25
user_00888,hamiltonkeith@example.com,Jeffrey Williamson,"Dixon, Wright and Wang",Non-profit,500+,AU,free,2025-02-05
user_00889,virginia36@example.org,Richard Garcia,"Shaw, White and Riddle",Education,1-10,IN,pro,2025-02-14
user_00890,jeromeanderson@example.org,Corey Thomas,Jensen Inc,Education,11-50,BR,pro,2025-04-28
user_00891,jamesalicia@example.net,Crystal Rogers,Brown-Simmons,Media,1-10,BR,free,2025-01-27
user_00892,torresjoseph@example.com,Michelle Wright,White Inc,Healthcare,11-50,AU,enterprise,2025-01-06
user_00893,guerreromarc@example.com,Terry Garcia,King Group,Finance,500+,IN,free,2025-01-26
user_00894,matthew11@example.net,Juan Atkins,Ward-Patrick,Healthcare,201-500,US,enterprise,2025-03-30
user_00895,john43@example.net,Stephen Anderson,"Guzman, Williams and Donaldson",Healthcare,500+,US,pro,2025-03-15
user_00896,jamesgriffin@example.org,Joshua Cooper,"Wells, Juarez and Ferguson",Marketing Agency,11-50,BR,pro,2025-03-29
user_00897,bradleylee@example.net,Stephanie Malone,"Hester, Jacobson and West",Marketing Agency,11-50,DE,pro,2025-01-16
user_00898,bartlettcarlos@example.com,Tiffany Gibbs,Greene Ltd,Non-profit,201-500,GB,pro,2025-03-01
user_00899,keithsosa@example.org,Melissa Yang,Simpson-Patel,SaaS,201-500,IN,enterprise,2025-04-30
user_00900,martinkaren@example.com,Jeanette Lawson,White and Sons,SaaS,201-500,BR,free,2025-04-08
user_00901,brittanysmith@example.net,Michael Warren,Phelps-Phillips,Media,201-500,CA,free,2025-01-05
user_00902,andrea23@example.org,Dorothy Bowman,Ho-Nelson,SaaS,1-10,CA,pro,2025-05-15
user_00903,dayjohn@example.org,April Bailey,"Compton, Nguyen and Potts",E-commerce,500+,BR,pro,2025-03-29
user_00904,jennifer69@example.com,Anthony Cabrera,Robinson-Sanford,SaaS,201-500,BR,pro,2025-07-18
user_00905,jonathansmith@example.net,Paula Deleon,Sharp Ltd,SaaS,11-50,GB,enterprise,2025-02-03
user_00906,qbautista@example.net,Kristen Montoya,Nguyen and Sons,Non-profit,51-200,IN,free,2025-05-19
user_00907,omoore@example.net,Jackie Barrera,Crawford Group,SaaS,11-50,US,free,2025-02-05
user_00908,lisathompson@example.net,Nicholas Holland Jr.,Mcclure Group,Finance,201-500,US,free,2025-02-19
user_00909,CHADJONES@EXAMPLE.ORG,Matthew Powell,"Rose, Acosta and Morton",Finance,201-500,BR,free,2025-04-06
user_00910,grayandrew@example.org,Maria Williams,Carrillo LLC,Media,500+,DE,pro,2025-04-27
user_00911,sheenagreene@example.org,Ashley Fitzgerald,Farrell-Miller,Media,1-10,GB,enterprise,2025-04-19
user_00912,timothyhart@example.com,Elizabeth Mendoza,Brown Ltd,SaaS,1-10,DE,free,2025-05-07
user_00913,courtney10@example.org,Edward Hunt,Thomas-Barr,Healthcare,11-50,GB,free,2025-01-18
user_00914,perezpaul@example.com,Courtney Koch,Mcdaniel-Espinoza,SaaS,201-500,FR,pro,2025-04-29
user_00915,vasquezvicki@example.org,Tyler Howard,"Cook, Ward and Middleton",Education,51-200,BR,pro,2025-02-06
user_00916,huangcassandra@example.org,George White,Hernandez-Contreras,E-commerce,51-200,IN,free,2025-10-22
user_00917,colleen45@example.org,Jonathan Wood,Cochran-Dawson,Education,500+,BR,enterprise,2025-05-15
user_00918,mccormickmichelle@example.org,Bridget Hernandez,Griffith-Floyd,Marketing Agency,1-10,CA,free,2025-05-16
user_00919,hbriggs@example.net,Nicholas Thomas,Cooley-White,Non-profit,201-500,FR,pro,2025-05-14
user_00920,fgomez@example.com,Dr. Kyle Fields,Pham Ltd,Education,11-50,IN,enterprise,2025-04-22
user_00921,patrickdunn@example.net,Kim Underwood,Miller-Espinoza,SaaS,500+,AU,pro,2025-05-03
user_00922,jacquelineyoung@example.org,Samuel Cox,Rosario-Mccall,Marketing Agency,201-500,CA,free,2025-03-17
user_00923,pruittmichael@example.org,Charles Castaneda,Sanchez-Carey,Healthcare,201-500,US,pro,2025-03-22
user_00924,burgessdavid@example.net,Jamie Johnson,Watson-Miles,Media,1-10,AU,enterprise,2025-04-19
user_00925,woodsbrittney@example.org,Jacob Miller,Smith Group,Non-profit,51-200,FR,pro,2025-02-19
user_00926,kathyharrison@example.org,Melissa Evans,Sharp-Wallace,Education,201-500,US,pro,2025-02-14
user_00927,mitchelleric@example.net,Paul Gordon,Sanders Group,Education,201-500,IN,free,2025-03-17
user_00928,qspencer@example.net,Michelle Henderson,Nelson Inc,SaaS,201-500,FR,free,2025-09-08
user_00929,ispence@example.net,Manuel Robinson,Carson PLC,Marketing Agency,500+,DE,enterprise,2025-03-22
user_00930,velasqueztaylor@example.com,Jennifer James,Pratt Ltd,Marketing Agency,11-50,FR,free,2025-05-12
user_00931,glee@example.org,Larry Bradford,Allen and Sons,E-commerce,11-50,DE,pro,2025-12-11
user_00932,jonescarla@example.com,Dakota Hickman,Adams PLC,SaaS,500+,BR,enterprise,2025-05-12
user_00933,elliottkristy@example.org,Brandon Parker,Walton-Benjamin,Non-profit,51-200,US,enterprise,2025-01-23
user_00934,leonardmyers@example.com,Michele Davis,Mosley-Gordon,Media,51-200,IN,pro,2025-01-17
user_00935,andrewflynn@example.com,Sarah Roberts,Fleming Inc,Non-profit,11-50,CA,free,2025-04-28
user_00936,cisnerosjesse@example.org,Martha Mack,Holder PLC,E-commerce,201-500,US,pro,2025-01-08
user_00937,seth25@example.com,Scott Jordan,"Schroeder, Hughes and Clark",Media,51-200,IN,pro,2025-12-18
user_00938,rubioashley@example.com,Adrian Miranda,Payne-Novak,Education,11-50,CA,free,2025-07-23
user_00939,portershawn@example.org,Candice Ramirez,Gomez-Jones,SaaS,11-50,US,pro,2025-07-20
user_00940,escott@example.com,Jessica Glass,Bonilla Group,E-commerce,1-10,DE,enterprise,2025-05-19
user_00941,coxjustin@example.com,Sylvia Anderson,Hunt-Weber,E-commerce,51-200,IN,enterprise,2025-09-24
user_00942,nathaniel68@example.com,Shawn Fleming,"Madden, Brown and Gibbs",Non-profit,1-10,DE,pro,2025-02-10
user_00943,mooredaniel@example.com,James Jones,,Media,51-200,DE,free,2025-02-10
user_00944,steven87@example.org,Nicholas Lowery,Tate-Gonzalez,Non-profit,11-50,GB,pro,2025-03-27
user_00945,caleb59@example.com,Patrick Wilson,Johnson-Moore,E-commerce,11-50,FR,enterprise,2025-01-03
user_00946,nthomas@example.com,Victoria Schroeder,Mayer LLC,Non-profit,500+,AU,free,2025-02-22
user_00947,nirwin@example.org,Alexander Blake,Nelson-Reid,Education,500+,IN,pro,2025-03-02
user_00948,thomasjoshua@example.org,Michael Savage,"Lewis, Orozco and White",Marketing Agency,1-10,BR,pro,2025-01-06
user_00949,DAVISRACHEL@EXAMPLE.COM,Elizabeth Gonzalez,Olson-Nichols,Finance,500+,FR,free,2025-03-24
user_00950,tammykim@example.net,Samantha Hoffman,"Gonzalez, Sharp and Lane",E-commerce,201-500,GB,pro,2025-02-08
user_00951,mariodowns@example.net,Nancy Stewart,Mosley and Sons,Finance,51-200,IN,pro,2025-05-16
user_00952,hlin@example.net,Joseph Smith,Harding-Mathews,Non-profit,51-200,BR,free,2025-02-13
user_00953,lfowler@example.org,Patrick Lopez,"Payne, Martin and Gray",Education,201-500,IN,free,2025-05-10
user_00954,jason39@example.org,Jack Turner,Shaw-Parrish,Finance,201-500,GB,free,2025-04-03
user_00955,DBANKS@EXAMPLE.COM,Harold Daniels,"Dickson, Rogers and House",SaaS,500+,CA,pro,2025-03-09
user_00956,lpatterson@example.net,Kimberly James,"Barker, Kim and Campbell",Education,500+,CA,pro,2025-05-19
user_00957,cowanlinda@example.org,Alan Randolph,Crawford PLC,Healthcare,11-50,AU,pro,2025-07-26
user_00958,schultzwesley@example.org,Sarah Lewis,Arnold-Wilson,Education,11-50,BR,free,2025-04-04
user_00959,wsampson@example.com,Robert Padilla,"Foster, Ayers and Casey",Education,500+,AU,pro,2025-06-19
user_00960,joseph44@example.com,April Stout,Smith and Sons,Finance,1-10,IN,free,2025-05-11
user_00961,mary89@example.com,Tyler Haney,Peters Group,SaaS,51-200,BR,enterprise,2025-01-19
user_00962,christinalong@example.org,Laura Anderson,"Myers, Chandler and Powell",Healthcare,51-200,IN,pro,2025-01-22
user_00963,zachary63@example.org,Beth Wilson,"Mueller, Cameron and Burton",SaaS,500+,US,free,2025-01-12
user_00964,mary25@example.org,Alexander Smith,"Hernandez, Montgomery and Stephens",Non-profit,201-500,IN,free,2025-09-14
user_00965,armstronganthony@example.net,Jesse Welch,Lopez-Delgado,Non-profit,500+,DE,enterprise,2025-05-13
user_00966,kennethnichols@example.org,Renee Gray,Hopkins-Hill,Education,1-10,US,free,2025-12-30
user_00967,courtneylittle@example.net,Ashley Ho,Rodriguez LLC,SaaS,51-200,US,free,2025-04-10
user_00968,patricia11@example.com,Susan Clark,Henry Inc,Marketing Agency,500+,FR,enterprise,2025-04-17
user_00969,ojones@example.org,Jason Preston,"Odonnell, Stokes and White",Media,201-500,BR,enterprise,2025-02-24
user_00970,bergerdonna@example.net,Amanda Daugherty,Webb-Mendez,Healthcare,201-500,AU,free,2025-05-19
user_00971,moorejudy@example.org,Allen Johnson,"Hodges, Robinson and Diaz",Healthcare,51-200,BR,free,2025-04-03
user_00972,anthonytaylor@example.org,Teresa Adams,Gonzalez-Davis,Marketing Agency,1-10,US,free,2025-05-11
user_00973,stuart76@example.net,Tammy Wright,Mcdaniel Ltd,SaaS,1-10,GB,pro,2025-04-05
user_00974,suzanne19@example.net,Robert Mckay,Hamilton-Griffin,Healthcare,500+,GB,enterprise,2025-03-22
user_00975,lisa91@example.net,Curtis Gomez,"Weiss, Cole and Preston",Finance,201-500,FR,pro,2025-03-24
user_00976,brenda49@example.net,Kerry Sanders,White LLC,Finance,11-50,DE,pro,2025-03-24
user_00977,wgibbs@example.org,Matthew Watson,Martinez-Flores,Marketing Agency,1-10,IN,pro,2025-04-17
user_00978,lovejason@example.net,Stephanie Hoffman,Campbell-Lewis,E-commerce,11-50,DE,pro,2025-02-13
user_00979,dakotaramirez@example.net,Rhonda Powers,"Stafford, Fisher and Avila",E-commerce,11-50,IN,pro,2025-01-16
user_00980,lisa33@example.org,Kathleen Mooney,Wilson-Chavez,E-commerce,500+,DE,enterprise,2025-05-09
user_00981,brittany39@example.org,Mason Chase,Buck LLC,Marketing Agency,201-500,IN,pro,2025-03-08
user_00982,meaganpowell@example.net,Amanda Newman,Harrison Group,Education,201-500,FR,pro,2025-04-02
user_00983,joshua56@example.org,Emily Salazar,Evans-Riggs,SaaS,1-10,DE,free,2025-11-06
user_00984,hallison@example.com,Ashley Walker,Taylor LLC,Finance,500+,GB,free,2025-08-07
user_00985,fperez@example.org,Robin Cabrera,"Mayo, Villa and Parrish",Marketing Agency,51-200,IN,enterprise,2025-05-08
user_00986,nicole01@example.org,Angela Murphy,"Conner, Gray and Hale",Non-profit,51-200,GB,free,2025-04-09
user_00987,brandywilson@example.com,Nicole Barron,Walsh-Barnett,Marketing Agency,1-10,GB,enterprise,2025-02-23
user_00988,beckystanley@example.com,Nicholas Perez,Miranda-Dawson,Finance,51-200,GB,free,2025-10-14
user_00989,angelica33@example.net,Wesley Brown,Santiago Group,SaaS,500+,US,free,2025-05-17
user_00990,glopez@example.com,Kevin Rose,Hodges-Collins,SaaS,201-500,BR,enterprise,2025-01-17
user_00991,grios@example.org,Colleen Cox,Parrish-Palmer,SaaS,11-50,FR,pro,2025-04-03
user_00992,rlopez@example.com,Eric Kane,"Garcia, Murray and Rodriguez",E-commerce,1-10,GB,pro,2025-02-21
user_00993,allenpatricia@example.org,John Schmidt,Baker-Mcintosh,Media,201-500,BR,free,2025-04-03
user_00994,gomezjason@example.com,Katie Brown,Wood-Williams,Healthcare,1-10,DE,pro,2025-01-29
user_00995,bdennis@example.org,James Wheeler,"Lawson, Stone and Rodriguez",Education,500+,US,free,2025-06-24
user_00996,lucassusan@example.org,Steven Johnston,Jones Inc,Healthcare,500+,DE,pro,2025-04-14
user_00997,jeremy96@example.com,Daniel Holloway,"Adams, Harris and Floyd",Non-profit,500+,BR,enterprise,2025-02-21
user_00998,dana94@example.net,Cody Velez,"Woods, Torres and Knox",Media,500+,FR,pro,2025-05-12
user_00999,georgemaldonado@example.org,Steven Thomas,Wade Group,Marketing Agency,1-10,CA,free,2025-02-04
user_01000,andrew41@example.org,Sarah Wheeler,Aguilar-Freeman,Finance,51-200,AU,pro,2025-01-19
user_01001,thomaswilliams@example.org,Wanda Conley,"Gordon, Fischer and Rowe",Marketing Agency,500+,CA,free,2025-04-08
user_01002,torresjill@example.com,Gregory Gardner DDS,Diaz-Smith,Media,500+,CA,pro,2025-04-26
user_01003,kevin58@example.net,Stephanie Larson,Nelson PLC,SaaS,201-500,GB,free,2025-02-16
user_01004,hernandezrobert@example.org,Brenda Jimenez,Lane Ltd,Non-profit,201-500,CA,free,2025-09-28
user_01005,vhoward@example.org,Troy Fowler,Wiley-Shelton,Education,51-200,GB,pro,2025-02-23
user_01006,harcher@example.org,Michael Barron,Lawrence-Landry,Healthcare,201-500,FR,pro,2025-04-18
user_01007,kyle09@example.net,Sandra Martinez,Knight-Sparks,Non-profit,11-50,IN,enterprise,2025-04-11
user_01008,keith07@example.net,Michael Mills,Hanson-Beck,SaaS,201-500,CA,pro,2025-02-08
user_01009,tommy14@example.org,Daniel Petersen,Brown LLC,E-commerce,201-500,DE,free,2025-05-30
user_01010,jordandonna@example.org,Chad Koch,"Ortega, Mack and Moore",Non-profit,201-500,US,free,2025-01-15
user_01011,reevesdouglas@example.net,Kevin Miller,Johnson LLC,Marketing Agency,1-10,BR,pro,2025-02-27
user_01012,lisawalsh@example.com,Tanner Orozco,Harper-Thompson,Healthcare,500+,US,free,2025-05-16
user_01013,ushelton@example.net,Randall Wright,Spencer-Turner,Healthcare,201-500,CA,pro,2025-05-30
user_01014,evanssara@example.com,Jamie Liu,Davis-Rose,Finance,1-10,FR,free,2025-01-01
user_01015,william57@example.com,Jason Jenkins,Gaines Inc,E-commerce,51-200,FR,free,2025-02-28
user_01016,idavis@example.net,Rachel Carpenter,Martinez-Daniels,Non-profit,11-50,GB,pro,2025-03-31
user_01017,brian62@example.com,Julie Hines,"Stevens, Brown and Brown",Non-profit,201-500,CA,pro,2025-03-16
user_01018,cookconnor@example.com,Melissa Lin,Yang Ltd,Finance,11-50,GB,pro,2025-03-11
user_01019,mileszachary@example.net,Kathleen Walker,"Bowman, Moore and Fuller",Media,201-500,BR,pro,2025-01-05
user_01020,shaffercindy@example.org,Aaron Munoz,Meyer and Sons,Finance,500+,IN,pro,2025-04-15
user_01021,dalejohnson@example.net,Anthony Martinez,Webb-White,Marketing Agency,51-200,US,free,2025-01-07
user_01022,meaganpayne@example.net,Shannon Williamson,Thomas-Smith,Finance,500+,GB,enterprise,2025-02-11
user_01023,lorisandoval@example.org,Melissa Gonzalez,Roberts-Contreras,Marketing Agency,11-50,IN,enterprise,2025-04-01
user_01024,rrichardson@example.com,Robert Marshall,Hernandez-Campbell,Marketing Agency,11-50,GB,enterprise,2025-04-02
user_01025,elliottalex@example.com,Matthew Sandoval,Williams-Meadows,Non-profit,1-10,IN,free,2025-05-03
user_01026,taylorsharp@example.com,Christopher Mason,"Clark, Orr and Warren",E-commerce,1-10,IN,free,2025-04-25
user_01027,thompsonedward@example.net,Gina Espinoza,Ramirez Ltd,Media,201-500,FR,free,2025-04-30
user_01028,sandra17@example.com,Lisa White,"Pennington, Rowe and Fox",Education,1-10,GB,pro,
user_01029,heidichapman@example.net,Luis Powell,Johnson Ltd,SaaS,51-200,CA,pro,2025-02-11
user_01030,jesseortega@example.com,Karen Wolf,"Flynn, Garcia and Gilmore",SaaS,51-200,GB,pro,2025-01-28
user_01031,acampos@example.org,David Johnson,"Jones, Hines and Obrien",E-commerce,500+,BR,free,2025-04-24
user_01032,mcleanmanuel@example.net,Casey Walsh,"Gonzalez, King and Kim",E-commerce,1-10,US,enterprise,2025-01-07
user_01033,jeremiah26@example.net,Cheryl Perkins,"Moyer, Davis and Johnson",Non-profit,201-500,IN,pro,2025-01-18
user_01034,patriciaward@example.com,Sharon Peterson,"Blair, Bartlett and May",Non-profit,500+,IN,free,2025-02-10
user_01035,nlee@example.net,Kathryn Kelly,"Castaneda, Solis and Gonzales",Marketing Agency,500+,GB,pro,2025-02-03
user_01036,KSAWYER@EXAMPLE.ORG,Joseph Garcia,Hall-Guzman,Non-profit,51-200,BR,enterprise,2025-08-26
user_01037,andrew44@example.com,Andrea Savage,Jones-Johnston,E-commerce,500+,FR,free,2025-02-15
user_01038,reginald08@example.net,Lauren Giles,Delgado-Johnson,Finance,11-50,DE,pro,2025-07-29
user_01039,vgreen@example.org,Joshua Gross,"Gaines, Brown and Snyder",Finance,201-500,GB,pro,2025-01-22
user_01040,reedchad@example.com,Lisa Miller,"Mendoza, Anderson and Cummings",Education,51-200,AU,free,2025-01-09
user_01041,johnsonwilliam@example.net,John Harrington,Smith Inc,Finance,1-10,CA,pro,2025-03-06
user_01042,ayalalisa@example.net,Jamie Sutton,Tran Inc,SaaS,1-10,IN,pro,2025-12-26
user_01043,scannon@example.org,Jeffery Taylor,Wilson-Gilbert,Finance,500+,FR,enterprise,2025-01-14
user_01044,michael56@example.org,Brandon Smith,Burgess-Beasley,Education,11-50,CA,pro,2025-05-26
user_01045,ritteralexis@example.net,Anthony Brown,White-Williams,Healthcare,11-50,BR,free,2025-01-20
user_01046,carrie34@example.org,Karen Martinez,Jones PLC,Finance,1-10,BR,pro,2025-01-29
user_01047,troymoss@example.com,Shannon Wallace,Pugh-Deleon,Healthcare,51-200,GB,pro,2025-04-29
user_01048,misty38@example.com,Joshua Garcia,Mccullough-Thornton,Non-profit,11-50,FR,pro,2025-02-07
user_01049,nramirez@example.org,Kelly Torres,"Clark, Watson and Velasquez",Non-profit,11-50,CA,pro,2025-05-15
user_01050,barryyoung@example.com,Jordan Wilson,Huff-Nelson,Education,11-50,DE,free,2025-06-28
user_01051,fevans@example.org,Leonard Simpson,Cruz-Williams,SaaS,500+,AU,enterprise,2025-05-04
user_01052,nicolaskeller@example.net,Eric Weaver,Pineda-Kent,Media,500+,IN,pro,2025-04-12
user_01053,sandra49@example.org,Glenda Calderon,Glenn-Patton,Healthcare,11-50,AU,free,2025-04-19
user_01054,aguirreangela@example.net,Donna Ritter,"Ford, Armstrong and Carroll",SaaS,500+,US,free,2025-04-23
user_01055,francisco67@example.net,Cynthia Velez MD,"Tapia, Miller and Wright",Finance,500+,US,free,2025-01-09
user_01056,matthew60@example.net,Derrick King,"Patrick, Franklin and Martinez",E-commerce,201-500,IN,pro,2025-03-18
user_01057,mary27@example.com,Adam Johnson,Castillo-Richard,Healthcare,11-50,GB,pro,2025-04-19
user_01058,rickyriley@example.org,Leonard Edwards,Alexander LLC,E-commerce,1-10,IN,pro,
user_01059,jordan72@example.org,Bridget Williamson,Hall Ltd,Marketing Agency,201-500,IN,pro,2025-02-01
user_01060,lopezwilliam@example.com,Amanda Love,Lynn LLC,SaaS,51-200,IN,pro,2025-12-06
user_01061,allen58@example.net,David Rodriguez,"Wallace, Dixon and Young",E-commerce,201-500,FR,enterprise,2025-01-01
user_01062,ashley61@example.net,Douglas Johnson,"French, Rogers and Russell",Non-profit,500+,AU,free,2025-02-27
user_01063,thomas49@example.org,Andrew Conrad,"Johnson, Lynch and Morton",Education,1-10,FR,pro,2025-02-01
user_01064,shelby69@example.org,Brittany Farmer,"Miller, Jones and Walls",Finance,500+,US,free,2025-02-13
user_01065,arianacuevas@example.net,Jennifer Quinn,"Yates, Lawson and Hopkins",E-commerce,500+,AU,pro,2025-02-04
user_01066,mstewart@example.net,David Sanchez,Hall-Edwards,E-commerce,201-500,AU,free,2025-03-07
user_01067,steelesean@example.com,Harold Wagner,Valdez-Jacobs,Education,51-200,BR,free,2025-10-23
user_01068,ohartman@example.net,Victoria Frost,Frank Group,Finance,201-500,CA,free,2025-01-13
user_01069,catherineflynn@example.com,Brad Fisher,Johnston Ltd,Non-profit,201-500,FR,pro,2025-04-14
user_01070,rachelwalter@example.org,Jason Cannon,"Conrad, Newton and Martinez",E-commerce,11-50,IN,enterprise,2025-09-27
user_01071,bassandrew@example.org,Brandi Camacho DVM,Gomez-Morales,Non-profit,1-10,CA,enterprise,2025-03-17
user_01072,jenniferwilson@example.com,Lisa Mcknight,Jones LLC,Finance,11-50,AU,pro,2025-01-22
user_01073,olozano@example.com,Jessica Todd,"Taylor, White and Cannon",Healthcare,500+,GB,free,2025-05-02
user_01074,hernandezalan@example.net,Matthew Gray,Thompson-Sharp,Marketing Agency,51-200,AU,free,2025-03-23
user_01075,shirley13@example.com,Anthony Holmes MD,"Anthony, Simmons and Morris",Education,201-500,FR,enterprise,2025-02-15
user_01076,katherine20@example.net,Monica Jordan,Andrews-Gilbert,Finance,201-500,DE,pro,2025-03-05
user_01077,reedgabriel@example.com,Jeffrey Mcclure,Crosby-Green,Non-profit,11-50,IN,free,2025-03-01
user_01078,middletonelizabeth@example.org,Juan Romero,Johnson Inc,Marketing Agency,11-50,FR,pro,2025-02-25
user_01079,adamwall@example.org,Douglas Gould,Dennis-Meyer,SaaS,500+,DE,pro,2025-02-02
user_01080,hphillips@example.net,Sarah Wallace,Snyder-Miller,SaaS,11-50,AU,enterprise,2025-02-04
user_01081,victoriadennis@example.org,Regina Garner,Luna LLC,Finance,51-200,FR,pro,2025-03-03
user_01082,williamhill@example.net,Megan Jones,"Edwards, Middleton and Hamilton",Education,51-200,GB,pro,2025-04-20
user_01083,james80@example.net,Danielle Willis,Nunez LLC,Non-profit,1-10,US,enterprise,2025-04-15
user_01084,lhernandez@example.net,Carlos Walters Jr.,"Vincent, Curry and Smith",Finance,51-200,GB,pro,2025-04-07
user_01085,henrycheryl@example.net,Jason Baker,Welch-Young,Education,51-200,IN,pro,2025-05-24
user_01086,todd24@example.org,Mary Henry,"Myers, Howard and Castillo",SaaS,500+,IN,enterprise,2025-10-20
user_01087,robinsonsydney@example.com,Jeremy Wright,Wilson-Marshall,Marketing Agency,11-50,CA,pro,2025-01-22
user_01088,donna56@example.net,Stephen Larsen,Burke-Mcdaniel,Media,201-500,FR,pro,2025-03-19
user_01089,carterwilliam@example.com,Raymond Green,Jenkins-Lamb,Media,500+,AU,pro,2025-01-11
user_01090,dross@example.com,Mr. Mark Williams,Ortiz-Armstrong,Marketing Agency,1-10,IN,free,2025-10-25
user_01091,amandachan@example.org,Lisa Rivera,"Fernandez, Clements and Smith",Healthcare,11-50,IN,enterprise,2025-01-17
user_01092,tdavis@example.com,Pamela Tran,"Williams, Clark and Nichols",Marketing Agency,51-200,BR,pro,2025-04-28
user_01093,maryfoster@example.net,Robert Lozano,Gutierrez-Tran,Education,1-10,DE,free,2025-03-25
user_01094,shelbyjohnson@example.org,Kelsey Mason,Williams-Campbell,E-commerce,11-50,IN,enterprise,2025-03-01
user_01095,hallkelsey@example.org,Paul Hess,Rios-Anderson,Non-profit,11-50,BR,enterprise,2025-06-11
user_01096,michelle11@example.net,Pamela Perry,Newton PLC,E-commerce,11-50,AU,free,2025-06-10
user_01097,codychapman@example.com,Larry Collins,Coleman-Paul,E-commerce,500+,BR,enterprise,2025-04-13
user_01098,joshua31@example.com,Laura Bennett,Davis-Rasmussen,Non-profit,201-500,GB,pro,2025-03-21
user_01099,timothy88@example.org,Willie Luna,Farmer-Klein,SaaS,11-50,GB,pro,2025-05-18
user_01100,bwalker@example.com,Jillian Woods,Day LLC,Marketing Agency,51-200,DE,pro,2025-04-23
user_01101,lisadaugherty@example.org,Christine Mcmahon,"Wright, Thomas and Jensen",Marketing Agency,1-10,GB,pro,2025-05-24
user_01102,kmills@example.org,Johnny Jenkins,"Morgan, Hernandez and Morris",Finance,1-10,DE,enterprise,2025-05-05
user_01103,rsavage@example.net,Justin Burns,Edwards-Pearson,Media,1-10,CA,enterprise,2025-04-06
user_01104,steven78@example.net,Wendy Miller,Simmons Inc,E-commerce,500+,FR,enterprise,2025-07-11
user_01105,amartinez@example.org,Barbara Gonzalez,Williams Group,Non-profit,201-500,CA,free,2025-04-20
user_01106,zjackson@example.net,Dr. Joshua Ross,Wilson-Forbes,Non-profit,11-50,US,pro,2025-05-23
user_01107,alexandra95@example.net,Brenda Mills,Lang Ltd,SaaS,51-200,GB,enterprise,2025-03-31
user_01108,april47@example.com,Gary Francis,Martin Ltd,Education,1-10,DE,free,2025-03-12
user_01109,asmith@example.org,Austin Rowland,Miles-Gonzalez,Media,11-50,CA,enterprise,2025-05-05
user_01110,medinamark@example.org,Linda Jones,"Hansen, Perez and Fuller",Education,51-200,DE,pro,2025-02-02
user_01111,joshuahoover@example.com,Elizabeth Weber,Villa-Hoffman,Education,11-50,US,free,2025-05-14
user_01112,chrishernandez@example.net,Christopher Elliott,Robles PLC,Finance,201-500,FR,free,2025-02-24
user_01113,xrivera@example.net,Tracy Mclaughlin,"Barnett, Kennedy and Jackson",SaaS,500+,AU,free,2025-03-05
user_01114,veronicadavis@example.net,Christopher Baxter,Miller-Booker,E-commerce,201-500,IN,enterprise,2025-11-05
user_01115,williamgonzales@example.net,Eric Wolf,Castro Group,Marketing Agency,201-500,FR,enterprise,2025-02-15
user_01116,wmccarthy@example.com,Emily Miller,"Wilkinson, Moses and Dougherty",Finance,500+,FR,free,2025-03-12
user_01117,jennifer68@example.com,Richard Jennings MD,Pearson-Thompson,E-commerce,11-50,GB,free,2025-03-01
user_01118,melissa56@example.org,Sherri Knapp,Reyes and Sons,Non-profit,11-50,AU,pro,2025-02-25
user_01119,gonzalezmichael@example.org,Eric Davis,Moon-Shaw,E-commerce,1-10,US,free,2025-01-16
user_01120,lawsonarthur@example.com,Jennifer Forbes,"King, Garrett and Maddox",Media,1-10,US,free,2025-10-22
user_01121,roysara@example.net,Katherine Wells,"Christensen, Aguirre and Johnson",Finance,1-10,DE,pro,2025-07-19
user_01122,salazarjennifer@example.net,Shelby Anderson,Flowers-Wilson,E-commerce,1-10,AU,pro,2025-02-28
user_01123,dwalsh@example.com,Joshua Lucero,Rios Ltd,Education,1-10,CA,free,2025-02-08
user_01124,cookemily@example.com,Caroline Andersen,"Blackburn, Black and Shepard",Education,51-200,GB,enterprise,2025-05-25
user_01125,qbutler@example.net,Corey Juarez,Daniel Inc,Media,500+,CA,pro,2025-10-31
user_01126,scotthill@example.org,Jennifer Reid,Collins PLC,Media,11-50,DE,pro,2025-04-23
user_01127,david79@example.net,Timothy Davis,White Inc,E-commerce,11-50,IN,pro,2025-05-27
user_01128,lonniesims@example.org,Rachel Robinson,Stevens-Wiley,E-commerce,11-50,FR,free,2025-04-25
user_01129,kylebecker@example.org,Nancy Collins,Mccarthy-Thompson,Media,201-500,CA,free,2025-06-14
user_01130,annettegutierrez@example.org,Curtis Krause,Wolfe-Baker,E-commerce,500+,GB,free,2025-05-03
user_01131,xkelly@example.com,Kelly Gallegos,"Decker, Johnson and Davenport",Marketing Agency,1-10,FR,pro,2025-03-12
user_01132,kmoore@example.org,Jessica Brewer DDS,Clark-Lyons,Non-profit,201-500,AU,free,2025-03-16
user_01133,christopher34@example.org,Andre Wilson,"Welch, Alvarez and Mcdonald",Healthcare,11-50,CA,enterprise,2025-02-26
user_01134,nathan69@example.org,Brian Howard,Moore Group,Education,11-50,US,pro,2025-11-08
user_01135,matthew12@example.com,John Lopez,Gonzales PLC,Healthcare,201-500,CA,pro,2025-07-10
user_01136,swatkins@example.com,Kara Sanchez,"Brooks, Morgan and Gregory",E-commerce,11-50,CA,free,2025-03-18
user_01137,billy38@example.org,Raymond Finley,Watkins-Martin,Healthcare,1-10,AU,free,2025-02-08
user_01138,sandratanner@example.net,Christina Compton,Anderson LLC,Non-profit,201-500,FR,pro,2025-10-09
user_01139,wallerkyle@example.org,Judy Martin,Hopkins and Sons,Finance,500+,DE,enterprise,2025-04-28
user_01140,kevinmiller@example.org,Jessica Ramsey,Cohen LLC,Non-profit,201-500,IN,free,2025-03-30
user_01141,woodsmelvin@example.com,Jennifer Lewis,Barnett-Guerra,Marketing Agency,1-10,IN,free,2025-01-27
user_01142,kathryndavis@example.org,Timothy Ross,Villanueva-Weiss,Education,11-50,DE,free,2025-02-04
user_01143,icarlson@example.org,Michael Cordova,Walker PLC,Finance,201-500,AU,pro,2025-01-19
user_01144,katrinawood@example.com,April Greene,Melendez-Brewer,Non-profit,500+,FR,pro,2025-04-07
user_01145,vincentwilliams@example.com,Gerald Valdez,Hernandez-Collins,Marketing Agency,201-500,CA,pro,2025-07-29
user_01146,ajohnson@example.org,Michael Flowers,Drake-Reed,Finance,201-500,US,enterprise,2025-03-03
user_01147,riosrichard@example.org,Carl Hunter,"Gibson, Tucker and Choi",Non-profit,11-50,IN,pro,2025-04-19
user_01148,dhenderson@example.com,Patrick Wilson,Shaw-Norman,Finance,1-10,IN,pro,2025-03-02
user_01149,MEGAN51@EXAMPLE.ORG,Ms. Janet Leonard,Smith Ltd,Finance,201-500,GB,pro,2025-05-14
user_01150,james97@example.com,Douglas Martinez,Stevens-Williams,Healthcare,500+,FR,free,2025-03-17
user_01151,johnny54@example.org,Cassandra Kelly,Griffin LLC,Marketing Agency,500+,US,free,2025-04-21
user_01152,larsonmichael@example.org,Jennifer Thompson,"Davis, Acosta and Schultz",Marketing Agency,51-200,BR,free,2025-03-13
user_01153,worozco@example.com,Dana Petersen,"Hoover, Carroll and Williams",Healthcare,51-200,US,enterprise,2025-03-09
user_01154,nathan29@example.net,Sonia Reyes,"Miller, Pennington and Curry",Non-profit,500+,CA,free,2025-02-18
user_01155,lmorales@example.net,Matthew Andrade,Sanford-Leon,E-commerce,51-200,GB,enterprise,2025-01-26
user_01156,wanda98@example.net,Dana Lindsey,Berry-Lewis,Healthcare,500+,BR,free,2025-03-05
user_01157,shill@example.org,Michael Jacobs,Gregory LLC,Marketing Agency,51-200,BR,pro,2025-05-16
user_01158,russellandrew@example.com,Denise Ford,"Flores, Walker and Smith",Finance,1-10,AU,pro,2025-03-04
user_01159,jeffrey94@example.net,Samantha Matthews,"Larson, Weaver and Alvarez",Education,11-50,DE,enterprise,2025-04-08
user_01160,COOPERLUIS@EXAMPLE.COM,Scott Porter,"Wolfe, Chambers and Scott",E-commerce,500+,AU,free,2025-03-26
user_01161,guerreroashley@example.org,Kristina Reed,Adkins PLC,Healthcare,11-50,CA,free,2025-01-10
user_01162,kevin57@example.net,Christopher Richards,"Bell, Reynolds and Forbes",Education,51-200,CA,free,2025-08-13
user_01163,potterjustin@example.net,David Morse Jr.,"Rush, Martinez and Foster",Media,51-200,CA,pro,2025-04-14
user_01164,VICTORIADUNCAN@EXAMPLE.ORG,Pamela Joyce,Pierce-Bell,Non-profit,201-500,FR,pro,2025-02-28
user_01165,robertgreene@example.com,Lorraine Beck,"Horne, Gill and Stewart",Finance,500+,GB,free,2025-03-20
user_01166,zperez@example.com,Donna Middleton,Bradshaw and Sons,SaaS,500+,IN,pro,2025-09-01
user_01167,iroberts@example.com,Mary Vega,Reyes Ltd,Non-profit,500+,BR,enterprise,2025-05-25
user_01168,amccann@example.org,Lisa Taylor,"Gordon, Miller and Duncan",Media,51-200,IN,pro,2025-10-10
user_01169,udougherty@example.net,Keith Kennedy,Crane Inc,Non-profit,201-500,BR,pro,2025-01-30
user_01170,marnold@example.org,Nathan Allen,Giles-Morse,Healthcare,51-200,DE,pro,2025-01-13
user_01171,david10@example.org,Judy Sutton,Fritz-Robles,Media,201-500,AU,pro,2025-02-19
user_01172,hporter@example.net,Shelby Stout,Ford Inc,Non-profit,201-500,IN,free,2025-02-07
user_01173,goodmanevelyn@example.com,Whitney Atkins,Logan LLC,Marketing Agency,11-50,GB,free,2025-03-26
user_01174,baldwincatherine@example.net,Jessica Carey,Carter Group,Non-profit,500+,GB,free,2025-01-06
user_01175,coxjennifer@example.net,Jessica Cobb,Thomas LLC,Finance,1-10,US,enterprise,2025-01-09
user_01176,bowenmichael@example.net,Thomas Pope,Baker LLC,Non-profit,1-10,BR,free,2025-02-02
user_01177,ellisjenna@example.org,Grace Norris,Cobb-Lyons,E-commerce,201-500,GB,pro,2025-09-18
user_01178,brooke22@example.net,Daniel Wood,Reeves-Parker,E-commerce,500+,DE,pro,2025-04-21
user_01179,ashleytorres@example.net,Edward Manning,"Anderson, Lawson and Villarreal",E-commerce,51-200,FR,free,2025-01-18
user_01180,dana03@example.net,Kevin Green,"Romero, Berg and Black",Media,201-500,AU,free,2025-10-14
user_01181,kmontgomery@example.com,Laurie Mason,"Brooks, Grimes and Washington",Non-profit,201-500,BR,free,2025-02-04
user_01182,monicaolson@example.com,Alexis Arroyo,Walker-Clark,Education,1-10,FR,free,2025-04-25
user_01183,joshuastrickland@example.org,Heather Stevens,"Escobar, Larsen and Singleton",Non-profit,11-50,FR,pro,2025-04-03
user_01184,judithcox@example.org,Brett Rivera,Nelson PLC,Marketing Agency,500+,US,enterprise,2025-03-13
user_01185,wallerbrian@example.net,Dana Robles,Norris Ltd,Marketing Agency,11-50,DE,pro,2025-09-15
user_01186,jeremylove@example.org,Lee Arnold,Paul Ltd,Education,1-10,AU,pro,2025-03-02
user_01187,escobardavid@example.com,Darren Willis,"Woods, Garcia and Keith",Healthcare,51-200,DE,free,2025-05-31
user_01188,florescynthia@example.org,Jeremy Alvarez,Daniels and Sons,Media,11-50,IN,free,2025-05-27
user_01189,aevans@example.net,Taylor Cortez,Waters-Lee,Marketing Agency,51-200,CA,pro,2025-05-29
user_01190,qgay@example.com,Katherine Thompson,"Webb, Campbell and Brewer",Healthcare,51-200,BR,pro,2025-07-10
user_01191,michelle35@example.com,Kathryn Garrett,Rowland and Sons,SaaS,51-200,CA,free,2025-11-15
user_01192,gsmith@example.com,Christopher Hodges DDS,Schaefer Group,Education,201-500,US,pro,2025-04-27
user_01193,dana82@example.org,Pamela Lewis,"Torres, Miranda and Kennedy",Finance,11-50,US,pro,2025-09-07
user_01194,sara39@example.net,Christopher Miranda,Phelps PLC,E-commerce,1-10,GB,free,2025-05-03
user_01195,markblack@example.com,Rachel Chan,Perez-Baker,SaaS,500+,BR,enterprise,2025-05-19
user_01196,nathan45@example.net,Patrick Cole,Elliott-Farmer,SaaS,51-200,GB,pro,2025-05-05
user_01197,gillrichard@example.com,Robert Proctor,Smith-Bush,Media,1-10,BR,pro,2025-03-05
user_01198,ebonyscott@example.com,Jeffrey Reyes,"Castro, Gonzalez and Lewis",Media,1-10,US,enterprise,2025-03-18
user_01199,ggates@example.org,Gabriel Castillo,"Watkins, Crane and Arroyo",Media,1-10,IN,pro,2025-09-09
user_01200,twatts@example.com,William Willis,Garcia Ltd,Marketing Agency,201-500,BR,enterprise,2025-05-17
user_01201,joshua57@example.com,Chad Brady,Rowland-Oconnor,Education,11-50,CA,free,2025-01-29
user_01202,morganlawrence@example.net,Brandon Sanchez,"Payne, Guerrero and Hawkins",Finance,201-500,CA,free,
user_01203,hannah21@example.net,Emily Castaneda,Burgess-Lewis,Non-profit,51-200,IN,free,2025-02-09
user_01204,taylor75@example.com,Wesley Green,"Adkins, Johnson and Wilson",Media,51-200,AU,enterprise,2025-03-25
user_01205,zsimmons@example.com,Sandra Brown,"Brooks, Knight and Forbes",Marketing Agency,51-200,DE,pro,2025-03-21
user_01206,kristy74@example.net,Austin Jones,Mccann Inc,Education,500+,IN,enterprise,2025-03-29
user_01207,laurenmathis@example.org,Julie Santos,Walton Ltd,Education,201-500,AU,free,2025-04-02
user_01208,dmeyers@example.com,Wendy Hernandez,Jones-Holland,Non-profit,1-10,CA,free,2025-10-03
user_01209,shawn60@example.com,Abigail Clayton,Smith LLC,Media,201-500,FR,free,2025-01-11
user_01210,ohernandez@example.net,Erin Ellis,"Gonzalez, Underwood and Schaefer",Marketing Agency,1-10,DE,enterprise,2025-09-18
user_01211,jacobhernandez@example.com,Alexander Guzman,,Healthcare,51-200,GB,free,2025-03-15
user_01212,stephanie55@example.org,Christina Martin,Hall-Gillespie,SaaS,51-200,GB,free,2025-08-06
user_01213,anthony71@example.com,Sean Dickerson,James Group,SaaS,1-10,FR,enterprise,2025-03-07
user_01214,nross@example.com,Belinda Costa,"Gentry, Ramsey and Martinez",E-commerce,51-200,US,free,2025-06-18
user_01215,davidburns@example.net,Zachary Perry,Galloway PLC,Non-profit,51-200,BR,enterprise,2025-07-13
user_01216,timothy81@example.com,James Fisher,Gomez LLC,Non-profit,500+,FR,pro,2025-02-21
user_01217,hamiltonmelanie@example.com,Michael Santos,Liu-Smith,Finance,11-50,IN,free,2025-02-02
user_01218,jessica50@example.org,Cassandra Smith,"Moore, Neal and Farmer",SaaS,1-10,IN,free,2025-01-29
user_01219,carlsonjason@example.net,Jacqueline Perry,Barnes and Sons,E-commerce,201-500,US,pro,2025-05-18
user_01220,judypatrick@example.org,Tim Buchanan,Jimenez LLC,Finance,201-500,CA,pro,2025-05-18
user_01221,qgarrett@example.net,Richard Rivera,Johnson-Wiggins,Education,1-10,AU,free,2025-12-03
user_01222,ywilliams@example.net,Carolyn Garcia,Prince-Davis,Non-profit,500+,AU,enterprise,2025-03-12
user_01223,rodriguezthomas@example.com,Kimberly Taylor,"Pacheco, Smith and Alvarez",SaaS,201-500,CA,pro,2025-01-01
user_01224,david85@example.net,Anne Vasquez,"Gonzalez, Robinson and Anderson",Education,1-10,DE,pro,2025-04-07
user_01225,jeremiahmiller@example.org,Diane Gilbert,Perez and Sons,Education,500+,CA,free,2025-05-13
user_01226,mark79@example.net,Victoria Adams,Murphy LLC,Finance,201-500,IN,free,2025-03-01
user_01227,bethmichael@example.org,Rebecca Welch,Petty Inc,Marketing Agency,51-200,US,pro,2025-02-22
user_01228,cynthiaconley@example.org,Frank Armstrong,Mathews-Lopez,SaaS,11-50,US,free,2025-03-29
user_01229,nhayes@example.com,Kimberly Wilson,Rios-Robertson,Marketing Agency,1-10,BR,free,2025-04-20
user_01230,matthew24@example.com,Katherine Dunn,"Davis, Chase and Hines",Healthcare,1-10,US,free,2025-02-19
user_01231,bryan56@example.net,Joshua Davis,Greer-Martinez,Healthcare,51-200,GB,free,2025-03-05
user_01232,david54@example.com,William Miller,"White, Wilkins and Blackwell",Non-profit,500+,GB,enterprise,2025-04-06
user_01233,donaldbecker@example.org,Patrick Fox,Hart PLC,Media,201-500,IN,enterprise,2025-01-19
user_01234,mcbridemichael@example.org,Yolanda Jackson,Garcia and Sons,Healthcare,1-10,BR,free,2025-07-05
user_01235,meganpotter@example.org,Tina Coleman,Ramirez Group,Healthcare,1-10,US,free,2025-08-27
user_01236,peter86@example.com,Chad Hurley,Jones Ltd,SaaS,201-500,CA,pro,2025-04-01
user_01237,jason99@example.org,Jason Thomas,Duran and Sons,Finance,51-200,GB,free,2025-03-26
user_01238,phartman@example.com,Corey Flowers,Perez LLC,Media,500+,BR,enterprise,2025-09-23
user_01239,patriciamartinez@example.net,Megan Harris,Chambers LLC,Marketing Agency,500+,CA,pro,2025-01-10
user_01240,walshabigail@example.net,Mark Ruiz,"Gonzales, Short and Weaver",Non-profit,51-200,DE,free,2025-03-22
user_01241,whernandez@example.net,Dillon Travis,Massey-Scott,E-commerce,201-500,GB,pro,2025-05-30
user_01242,ksimmons@example.net,Rebecca Blake,Mills Inc,E-commerce,201-500,DE,free,2025-11-24
user_01243,john76@example.com,Brian Carrillo,"Oconnor, Conway and Bowman",Finance,500+,DE,pro,2025-05-21
user_01244,robert45@example.org,Micheal Washington,"Simpson, Garza and Wade",E-commerce,500+,DE,free,2025-02-06
user_01245,osbornmargaret@example.com,Sara Bennett,"Harrell, Contreras and Williams",Marketing Agency,1-10,BR,free,2025-02-11
user_01246,garzalaura@example.org,Autumn Gallagher,Carpenter-Fletcher,Finance,201-500,IN,pro,2025-02-03
user_01247,TOCHOA@EXAMPLE.NET,Matthew Alexander,Berry-Mills,Healthcare,51-200,CA,free,2025-04-30
user_01248,oli@example.net,Maureen Johnson,"White, Mccoy and Murphy",Marketing Agency,11-50,US,free,2025-01-03
user_01249,samantha07@example.com,Michael Gomez,Hill Inc,Media,201-500,AU,free,2025-05-06
user_01250,stephen42@example.org,Sharon Wong,"Morales, Bailey and Ochoa",Finance,201-500,US,pro,2025-05-30
user_01251,vgates@example.com,Natalie Huff,Stewart LLC,Finance,201-500,IN,pro,2025-01-30
user_01252,sloanchristopher@example.com,Jonathan Lopez,Harris-Chase,Media,51-200,BR,pro,2025-03-29
user_01253,zbell@example.com,Nicole Chung,Smith-Lopez,Healthcare,201-500,IN,free,2025-01-02
user_01254,regina84@example.net,Jennifer Dominguez,Davis Ltd,Non-profit,1-10,IN,pro,2025-08-20
user_01255,jphelps@example.net,Hector Anderson,Garcia-Blanchard,Finance,11-50,US,pro,2025-04-10
user_01256,christina15@example.org,Andrew Kelley,"Haney, Johnson and Walker",E-commerce,51-200,BR,pro,2025-03-23
user_01257,johnperez@example.net,Brianna Phillips,Mathews Group,Education,201-500,BR,pro,2025-02-15
user_01258,jperry@example.net,Cody Stone,Burton-Oneal,Finance,51-200,IN,pro,2025-02-25
user_01259,tfrancis@example.com,Deborah Wood,Flores LLC,Education,500+,IN,pro,2025-02-12
user_01260,rubiodennis@example.net,Joshua Anderson,"Erickson, Nichols and Garcia",Healthcare,201-500,FR,pro,2025-02-26
user_01261,jenniferrobbins@example.net,Samantha Walker,Andrews-Brown,SaaS,500+,AU,enterprise,2025-11-07
user_01262,bcrawford@example.org,Carolyn Castro,"Santos, Huang and Woods",Finance,11-50,GB,free,2025-05-26
user_01263,brycegomez@example.net,David Mosley,Reeves Group,Healthcare,201-500,DE,pro,2025-04-28
user_01264,ipadilla@example.com,Jesse Ryan,"Torres, Hall and Lindsey",Marketing Agency,51-200,DE,free,2025-04-19
user_01265,ithomas@example.net,Shari Arellano,Joseph LLC,Marketing Agency,1-10,FR,free,2025-01-31
user_01266,hamptonchad@example.org,Monica Oconnor,Petty and Sons,Media,201-500,DE,free,2025-04-30
user_01267,anthonymcfarland@example.net,Brandon Shah,"Haynes, Jennings and Ballard",Marketing Agency,500+,DE,free,2025-11-01
user_01268,ihorton@example.com,Eric Thompson,Koch-Porter,E-commerce,1-10,IN,pro,2025-11-28
user_01269,jorgegonzalez@example.com,Miss Gina Walton,"Scott, Suarez and Brown",E-commerce,500+,CA,pro,2025-11-23
user_01270,flemingcody@example.org,Kendra Smith,Torres-Marsh,SaaS,1-10,AU,pro,2025-01-17
user_01271,michele23@example.net,Catherine Robinson,Davis-Vega,Finance,500+,IN,pro,2025-03-02
user_01272,carolberry@example.com,Sheryl Thompson,Olsen Group,Education,51-200,GB,free,2025-02-08
user_01273,howellsavannah@example.org,Emily Carter,Vega-Lawrence,Healthcare,1-10,AU,free,2025-02-09
user_01274,racheljimenez@example.net,Louis Rogers,Mcfarland-Kelley,SaaS,1-10,DE,free,2025-07-03
user_01275,hbowers@example.net,Gina Diaz,Horne Group,Media,11-50,BR,free,2025-05-27
user_01276,laurawilliams@example.org,Tammy Cochran,"Zimmerman, Combs and Garcia",Healthcare,201-500,IN,enterprise,2025-02-23
user_01277,alvaradoluke@example.net,Michaela Boyd,"Day, Campbell and Taylor",Education,1-10,IN,pro,2025-07-20
user_01278,kellysims@example.com,Bradley Johnson,Morris Group,E-commerce,1-10,FR,pro,2025-01-02
user_01279,ytorres@example.com,Melissa Rose,Lopez Inc,Marketing Agency,201-500,US,free,2025-05-30
user_01280,patricia98@example.org,Nancy Ferguson,Rasmussen Group,Marketing Agency,500+,DE,free,2025-05-05
user_01281,michaelmedina@example.net,Nancy Warren,Hicks Ltd,Non-profit,51-200,FR,pro,2025-05-13
user_01282,lozanocorey@example.org,Michelle Jones,Simpson PLC,SaaS,201-500,IN,enterprise,2025-02-24
user_01283,williamspatrick@example.net,Dylan Strong,"Cervantes, Guerra and Joyce",Finance,51-200,BR,pro,2025-04-16
user_01284,xserrano@example.com,Charles Sanchez,,Marketing Agency,500+,FR,free,2025-12-09
user_01285,jamie46@example.net,Rodney Bennett,Montoya Group,SaaS,500+,DE,pro,2025-05-20
user_01286,carol60@example.net,Betty Norris,Walsh Inc,Education,11-50,US,pro,2025-04-10
user_01287,rachelfreeman@example.org,Carol Singh,"Espinoza, Neal and Mitchell",Media,51-200,BR,pro,2025-04-15
user_01288,justin94@example.org,Jennifer Blackwell,Clements PLC,Education,51-200,FR,pro,2025-02-12
user_01289,hgonzalez@example.org,Brian Perez,Lopez-Farmer,E-commerce,201-500,DE,pro,2025-05-27
user_01290,allenchristina@example.com,Jessica Hammond,"Peck, Wang and Lopez",Media,500+,AU,pro,2025-01-02
user_01291,jennywilliams@example.org,Gloria Clements,Bell and Sons,SaaS,201-500,AU,pro,2025-02-25
user_01292,myerseric@example.com,Courtney Burton,Barrett-Gonzales,Education,201-500,CA,pro,2025-04-11
user_01293,pjones@example.net,Kristin Thomas,Brown-Cohen,E-commerce,1-10,US,enterprise,2025-03-24
user_01294,bholmes@example.net,Misty Morris,Thomas Inc,Finance,1-10,FR,pro,2025-01-26
user_01295,adamsmith@example.org,Patricia Wilson,Gill Inc,Healthcare,51-200,IN,pro,2025-03-20
user_01296,smithmadison@example.com,Maria Campbell,"Hughes, Kent and Young",Finance,201-500,GB,pro,2025-03-27
user_01297,wsalazar@example.net,Thomas Hernandez,"Suarez, Walker and Mitchell",Finance,11-50,CA,pro,2025-01-25
user_01298,sylviaprice@example.com,Isabel Smith,Thomas-Stevens,SaaS,500+,FR,pro,2025-03-30
user_01299,vanessamartinez@example.net,Tom Fisher,Murray-Chavez,Healthcare,1-10,CA,pro,2025-02-16
user_01300,vford@example.com,Brandi Moreno,Robinson and Sons,SaaS,1-10,FR,free,2025-02-26
user_01301,stacydaniel@example.net,John Huffman,Brooks-Parker,Finance,1-10,GB,free,2025-03-14
user_01302,GTHOMAS@EXAMPLE.NET,Elizabeth Wall,"Jenkins, Gonzalez and Morgan",Non-profit,51-200,AU,free,2025-04-25
user_01303,donnagiles@example.com,Jeremy Benson,Bradley-Jackson,E-commerce,500+,FR,pro,2025-05-24
user_01304,danielleandrews@example.org,Eugene Sanchez,"Anderson, Velazquez and Stewart",Non-profit,500+,IN,free,2025-01-09
user_01305,lowekristin@example.org,Thomas Booth,Phelps-Edwards,SaaS,11-50,IN,free,2025-10-31
user_01306,james23@example.com,Heidi Blankenship,"Conway, Griffin and Morgan",Education,1-10,BR,free,2025-09-17
user_01307,keithgarcia@example.net,Spencer Martin,,Marketing Agency,201-500,DE,free,2025-03-18
user_01308,jmoore@example.net,William Vaughn,Cherry Ltd,Non-profit,500+,CA,pro,2025-02-02
user_01309,reginadavis@example.org,James Gray,Wang PLC,Marketing Agency,500+,AU,free,2025-01-17
user_01310,sarah99@example.org,Alejandro Vasquez,"Knight, Blackwell and Huerta",E-commerce,500+,GB,enterprise,2025-07-15
user_01311,casey29@example.com,Sydney Rodriguez,"Gonzalez, Walters and Carter",Media,500+,IN,pro,2025-04-17
user_01312,gomeztonya@example.com,Steven Butler,Diaz LLC,Healthcare,500+,US,pro,2025-04-14
user_01313,williamhendrix@example.org,Taylor Williams II,Baker-Ferrell,SaaS,201-500,US,free,2025-01-05
user_01314,billy71@example.com,Bianca Good,"Smith, Berry and Turner",E-commerce,1-10,CA,free,2025-05-04
user_01315,rebeccajames@example.org,Debra Brooks,Pratt-Nash,Non-profit,1-10,GB,free,2025-02-25
user_01316,vrussell@example.org,Michelle Tran,Campbell-Miller,Marketing Agency,500+,FR,pro,2025-03-21
user_01317,fsellers@example.net,Shannon Huang,Cochran Inc,Healthcare,1-10,FR,free,2025-05-19
user_01318,charlesbrooks@example.org,Cynthia Miller,Smith Inc,E-commerce,1-10,AU,free,2025-03-04
user_01319,molly91@example.org,Tracie Costa,"Marks, Hartman and Rodriguez",Finance,500+,BR,pro,2025-04-26
user_01320,browndominic@example.net,Charlene Higgins,Smith Ltd,Finance,500+,BR,free,2025-04-15
user_01321,jasonlove@example.com,Joseph Alvarez,Erickson Group,Media,1-10,DE,free,2025-01-06
user_01322,taylordennis@example.net,Amy Lopez,Miller and Sons,Media,500+,GB,pro,2025-04-24
user_01323,douglas89@example.org,Michele Jones,Allison and Sons,Media,11-50,FR,free,2025-03-20
user_01324,ralphhuff@example.com,Katie Mitchell,King-Cooper,Healthcare,500+,IN,pro,2025-02-02
user_01325,alyssapena@example.net,Paul Brown,Snyder Ltd,Non-profit,11-50,US,enterprise,2025-04-01
user_01326,harveylisa@example.org,Stephanie Griffin,"Craig, Flores and Wise",Non-profit,201-500,FR,free,2025-04-04
user_01327,helen91@example.net,Ryan Hayes,"Shepherd, Wood and Evans",Non-profit,1-10,GB,pro,2025-03-24
user_01328,vedwards@example.org,Christopher Vazquez,Marshall-Murray,E-commerce,201-500,CA,free,2025-08-07
user_01329,dford@example.com,Oscar Cruz,Marks LLC,Non-profit,201-500,AU,pro,2025-10-09
user_01330,ofritz@example.org,Adrian Moody,"Whitehead, Hernandez and Shah",Education,51-200,IN,enterprise,2025-03-03
user_01331,codymyers@example.org,Craig Crawford,Torres PLC,Education,11-50,IN,enterprise,2025-05-09
user_01332,jeremy79@example.net,Mr. Samuel Freeman DDS,Ali-Jones,SaaS,1-10,IN,free,2025-05-08
user_01333,janice94@example.org,Tony Lara,Henry-Frye,Healthcare,500+,IN,pro,2025-01-02
user_01334,matthewcollins@example.net,Bryan Anderson,Peterson-Brooks,E-commerce,500+,US,free,2025-07-28
user_01335,mikewaller@example.org,Jacob Sanchez,Barker-Kent,E-commerce,51-200,BR,pro,2025-11-13
user_01336,cynthia74@example.net,Riley Hale,Sheppard Ltd,Marketing Agency,1-10,IN,free,2025-05-20
user_01337,jeanlynch@example.org,John Smith MD,Cruz and Sons,Media,1-10,DE,free,2025-02-07
user_01338,christopher77@example.net,Theresa Luna,Cole and Sons,E-commerce,500+,DE,free,2025-05-18
user_01339,jennifer50@example.com,Mark Murphy,"Olson, Thomas and Nelson",Finance,51-200,US,free,2025-03-27
user_01340,todd59@example.net,Robert Lopez,"Jacobs, Phillips and Brown",Media,1-10,AU,pro,2025-05-17
user_01341,alexandragordon@example.org,Jenny Cardenas,Evans and Sons,Non-profit,500+,IN,free,2025-09-05
user_01342,kennethjohnson@example.net,Angela Marshall,Griffin Group,SaaS,1-10,GB,pro,2025-02-07
user_01343,brittneyblake@example.org,Joy Gonzalez,"Chavez, Martin and Anderson",Media,500+,DE,free,2025-02-19
user_01344,martinezmindy@example.net,Charles Decker,Pierce-Fuller,Non-profit,500+,IN,free,2025-05-12
user_01345,randall59@example.org,Erica Avila,Ware Inc,Marketing Agency,51-200,BR,pro,2025-03-24
user_01346,tylermcintosh@example.org,Joseph Bentley,Davis LLC,Finance,201-500,FR,free,2025-06-08
user_01347,matthew65@example.org,Joshua Warren DDS,Neal-Kelley,Media,1-10,DE,enterprise,2025-01-09
user_01348,olsenshane@example.org,Sheila Perez,Newman PLC,Marketing Agency,201-500,AU,free,2025-07-26
user_01349,williamsmegan@example.org,Andrew Blake,Best and Sons,Media,201-500,CA,enterprise,2025-04-22
user_01350,marcus60@example.net,Katherine Caldwell,"Perry, Jones and Gonzalez",Non-profit,1-10,CA,free,2025-03-18
user_01351,clarkbrandi@example.org,Bobby Keith,"Roach, Martin and Lewis",Education,51-200,AU,enterprise,2025-03-25
user_01352,hermanjulie@example.com,James Price,Webster LLC,Marketing Agency,51-200,AU,enterprise,2025-02-16
user_01353,james46@example.org,Jocelyn Griffin,"Powers, Carrillo and Harris",Finance,1-10,IN,pro,2025-10-29
user_01354,williamslinda@example.net,Christine Wolf,"Burgess, Whitaker and Craig",Marketing Agency,201-500,FR,enterprise,2025-01-17
user_01355,michael03@example.net,Sarah Robinson,Collins and Sons,SaaS,1-10,IN,free,2025-09-27
user_01356,michelleclark@example.net,Garrett Joyce,"Molina, Mccall and Castillo",E-commerce,1-10,US,pro,2025-04-29
user_01357,laura31@example.net,Aaron Johnson,Vincent LLC,Healthcare,1-10,BR,enterprise,2025-02-27
user_01358,turnerpatrick@example.net,Anne Richardson,"Lee, Henderson and Walter",Marketing Agency,201-500,BR,pro,2025-04-27
user_01359,ramirezdesiree@example.com,Stephanie Turner,Bryant-Randolph,E-commerce,51-200,US,enterprise,2025-03-25
user_01360,davidfields@example.net,Shirley Frederick,Smith Inc,E-commerce,1-10,US,pro,2025-03-05
user_01361,spencertanner@example.net,Debra Warner,Brown-Holt,Media,500+,GB,pro,
user_01362,camerongregory@example.org,Jeffrey Owens,Dudley PLC,Finance,500+,IN,free,2025-02-19
user_01363,douglassusan@example.com,Michelle Harris,Johnson-Nelson,Marketing Agency,11-50,DE,pro,2025-01-27
user_01364,jimmywest@example.org,Amanda Hart DVM,"Crane, Freeman and Hall",Education,51-200,GB,enterprise,2025-04-10
user_01365,mitchellchristopher@example.com,John Martin,"Winters, Barber and Fernandez",Non-profit,51-200,US,pro,2025-03-01
user_01366,jill56@example.org,Jacqueline Lucero,Hernandez-Chambers,Marketing Agency,11-50,US,pro,2025-05-08
user_01367,alowe@example.com,Angelica King,Cook LLC,Media,1-10,FR,enterprise,2025-02-07
user_01368,ihayes@example.net,Andrew Hunter,"Thomas, Peterson and Chen",Finance,500+,FR,pro,
user_01369,melissaberry@example.org,Jennifer Colon,Mooney PLC,Non-profit,201-500,FR,enterprise,2025-08-08
user_01370,stonebarbara@example.com,Mary Martin,Sutton LLC,Marketing Agency,201-500,AU,enterprise,2025-03-30
user_01371,uwilson@example.com,Jennifer Sandoval,Robinson-Bell,Media,201-500,AU,free,2025-09-06
user_01372,gwatts@example.org,Jody Flowers,Moran PLC,Education,201-500,AU,pro,
user_01373,simpsonruth@example.net,Dana Sullivan,Weaver Inc,E-commerce,51-200,US,free,2025-01-02
user_01374,andrewjohnson@example.org,Ronald Becker,King Inc,Media,500+,FR,free,2025-01-28
user_01375,qduffy@example.com,Kyle Cooper,Clark-Patterson,Non-profit,11-50,AU,free,2025-01-06
user_01376,lreid@example.org,Vanessa Porter,Johnson-Haynes,Media,11-50,AU,free,2025-10-07
user_01377,xmullins@example.org,Kevin Gilmore,"Henry, Johnson and Johnson",Marketing Agency,11-50,BR,enterprise,
user_01378,fblake@example.com,Brandon Sanchez,"Welch, Davis and James",Media,51-200,IN,free,2025-01-22
user_01379,john70@example.com,Richard Bond,Austin Inc,Healthcare,1-10,CA,pro,2025-03-14
user_01380,suttonbrittney@example.net,Taylor Wallace,"White, Hill and Cunningham",Media,500+,BR,pro,2025-01-26
user_01381,kingdavid@example.net,Steven Carter Jr.,Burke-Simmons,Media,1-10,AU,pro,2025-03-03
user_01382,tanyajones@example.com,Mr. Reginald Roman,Barton Inc,Education,11-50,US,pro,2025-04-25
user_01383,ian59@example.com,Jeremy Haynes,Garcia and Sons,Finance,11-50,CA,enterprise,2025-02-24
user_01384,joypotts@example.net,Jon Bauer,Smith-Warren,E-commerce,11-50,BR,pro,2025-11-04
user_01385,cynthia16@example.com,Jeffrey Miles,Brown LLC,Education,201-500,IN,pro,2025-09-08
user_01386,thomas83@example.org,Christopher Hudson,"Gonzalez, Keller and Gardner",Finance,201-500,IN,free,2025-05-19
user_01387,timothy29@example.com,Andrew Harris,Anderson-Miles,Marketing Agency,11-50,AU,pro,2025-03-19
user_01388,watsonwilliam@example.org,Maxwell Richards,Turner and Sons,Healthcare,11-50,DE,enterprise,2025-06-25
user_01389,samantha73@example.org,Karen Lewis,Hughes Ltd,Education,51-200,CA,pro,2025-03-15
user_01390,thomasdavid@example.net,Philip Woods,Knight and Sons,Education,11-50,US,free,2025-01-17
user_01391,xfranco@example.org,Jennifer Goodwin,Harrell Group,Finance,201-500,BR,free,2025-05-01
user_01392,leejessica@example.com,Larry Camacho,"Solomon, Mendoza and Avery",Healthcare,1-10,GB,free,2025-04-07
user_01393,wlucas@example.net,Kyle Roberts,Reynolds Inc,Education,1-10,DE,pro,2025-02-21
user_01394,fjones@example.net,Brianna Davidson,Ramirez-Campbell,E-commerce,51-200,AU,pro,2025-07-19
user_01395,kevin89@example.com,Savannah Harrison,Hughes-Pitts,Media,51-200,AU,free,2025-01-14
user_01396,taylordavis@example.com,Kim Jensen,King LLC,Non-profit,11-50,GB,free,2025-02-18
user_01397,nancy98@example.org,Taylor Solomon,"Lee, Compton and Lee",Non-profit,1-10,DE,pro,2025-10-20
user_01398,zachary64@example.com,Mckenzie Lopez,"Zamora, Taylor and Carrillo",Healthcare,201-500,US,pro,2025-03-09
user_01399,james58@example.net,Robert Perkins,Wilson Ltd,SaaS,201-500,AU,enterprise,2025-04-10
user_01400,danielle39@example.net,Catherine Holland,Brooks-Myers,Media,500+,IN,free,2025-05-26
user_01401,sarah78@example.com,Larry King,Li-Riggs,E-commerce,51-200,AU,free,2025-06-29
user_01402,joneslisa@example.com,Jordan Ewing,"Nicholson, Dixon and Fisher",Finance,201-500,US,free,2025-05-16
user_01403,brent67@example.net,Jeffrey Edwards,White LLC,Non-profit,1-10,IN,enterprise,2025-04-23
user_01404,williamschad@example.org,Debra Bowers,"Mcdaniel, Harris and Vance",Media,201-500,BR,free,2025-11-21
user_01405,smithmatthew@example.net,Diane Allen,Montgomery PLC,Non-profit,51-200,US,pro,2025-03-20
user_01406,sarah53@example.org,Kevin Farmer,Shaffer Group,SaaS,51-200,BR,enterprise,2025-01-07
user_01407,ambersmith@example.org,Patrick Irwin,Pacheco-Martinez,E-commerce,500+,BR,enterprise,2025-03-21
user_01408,meganwalker@example.com,Stephanie Lowery,Rodriguez-Allen,Finance,51-200,CA,free,2025-01-22
user_01409,ryan96@example.com,Brian Miller,"Wallace, Hernandez and Beasley",Marketing Agency,500+,IN,pro,2025-05-12
user_01410,wjohnson@example.com,Michael Kim,"Peterson, Smith and Romero",Healthcare,51-200,AU,free,2025-02-08
user_01411,MMASSEY@EXAMPLE.ORG,Michael Burke,"Vega, Jackson and Powell",Finance,1-10,FR,pro,2025-05-09
user_01412,leonsullivan@example.org,Stephanie Gray,Yu-Parks,Healthcare,201-500,GB,free,2025-02-03
user_01413,debbiebrown@example.net,Jasmine Reed,Smith-Graham,Finance,1-10,BR,pro,2025-02-20
user_01414,fblankenship@example.com,Darryl Richardson,Mendoza-Jackson,Media,51-200,BR,free,2025-12-03
user_01415,meghanwerner@example.com,Darryl Mann,Davis Ltd,Non-profit,500+,AU,pro,2025-09-16
user_01416,wrightalicia@example.com,Edward Garrison,Pitts-Lopez,Media,1-10,GB,pro,2025-05-13
user_01417,hcollins@example.org,Brandon Williams,"Logan, Wiggins and Delacruz",Media,500+,FR,pro,2025-03-19
user_01418,keithharrison@example.com,Cynthia Morton,Morrison Inc,Finance,500+,US,pro,2025-12-08
user_01419,mejiajoseph@example.org,Peggy Tran,Cummings-Hernandez,Finance,51-200,DE,pro,2025-04-22
user_01420,johnsmith@example.org,Kayla Smith,"Jacobson, Long and Jackson",SaaS,500+,BR,free,2025-02-04
user_01421,imoore@example.org,Sandra Berry,Ford-Gibson,E-commerce,201-500,US,free,2025-05-08
user_01422,reevesfernando@example.net,Andrea Bennett,Mitchell PLC,Non-profit,1-10,AU,free,2025-01-31
user_01423,zbyrd@example.net,Jennifer Warren,"Harding, Gomez and Jacobs",E-commerce,51-200,CA,enterprise,2025-06-09
user_01424,hwalton@example.com,Scott Martinez,Clark PLC,Education,201-500,IN,pro,2025-07-15
user_01425,meagan19@example.com,Elijah Johnson,Gonzalez-Smith,Finance,1-10,CA,pro,2025-02-10
user_01426,whampton@example.org,Kevin Blake,Banks LLC,Healthcare,51-200,BR,pro,2025-05-12
user_01427,BSANCHEZ@EXAMPLE.ORG,Dawn Ross,"Marshall, Khan and Ford",Non-profit,1-10,GB,free,2025-06-04
user_01428,pmoyer@example.org,Tammy Phillips,Bell Group,Finance,1-10,CA,pro,2025-05-26
user_01429,smiller@example.com,Kristen Williams,Jones-Rivera,Finance,11-50,IN,pro,2025-02-17
user_01430,sandra20@example.org,Michael Nelson,Hicks Ltd,Marketing Agency,500+,CA,free,2025-11-23
user_01431,andrew65@example.net,Marc Mitchell,Solis PLC,Healthcare,11-50,CA,pro,2025-01-25
user_01432,stephensonkatherine@example.com,Amanda Maxwell,"Curry, Hunter and Lutz",SaaS,201-500,FR,pro,2025-01-03
user_01433,sarahgray@example.net,Monique Reid,Thomas and Sons,Media,201-500,US,free,2025-05-19
user_01434,jensenjoshua@example.org,Eric Mckay,Barnes and Sons,E-commerce,201-500,DE,pro,2025-11-12
user_01435,jlloyd@example.com,Dawn Moon,Ritter and Sons,Healthcare,11-50,AU,free,2025-04-27
user_01436,bakertimothy@example.org,Thomas Martin,"Snyder, Miller and Stevens",Marketing Agency,201-500,US,free,2025-02-16
user_01437,christina57@example.com,Kimberly Valenzuela,"Rivera, Ortega and Rose",E-commerce,11-50,CA,enterprise,2025-05-11
user_01438,linda33@example.org,Dillon Case,Porter-Ramsey,SaaS,1-10,BR,pro,2025-11-19
user_01439,lwilliams@example.com,Deanna Holloway,"Walker, Logan and Gilmore",Media,500+,AU,free,2025-03-05
user_01440,stevenhernandez@example.org,Katie Gutierrez,Barnes-Rivera,E-commerce,11-50,AU,enterprise,2025-06-03
user_01441,sanchezcindy@example.net,Erik Small,Sullivan-Reynolds,Healthcare,51-200,US,free,2025-03-04
user_01442,bkennedy@example.com,Bailey Young,Reilly-Sanders,Non-profit,500+,FR,free,2025-03-31
user_01443,richardatkinson@example.com,Robert Rogers,"Murphy, Bennett and Miller",Finance,1-10,GB,free,2025-02-12
user_01444,millerjoan@example.org,Katherine Davis,"Wong, Braun and Smith",Healthcare,11-50,FR,pro,2025-01-19
user_01445,antoniocarter@example.com,Tamara Graves,"Armstrong, Williams and Orozco",Education,201-500,CA,enterprise,2025-05-28
user_01446,craig91@example.org,Samantha Lee,Prince Group,Finance,201-500,AU,enterprise,2025-04-29
user_01447,adamskelly@example.net,Lonnie Taylor,Obrien-Green,Media,1-10,CA,enterprise,2025-05-17
user_01448,crawfordjeffrey@example.com,Samuel Ortega,"Kennedy, Chavez and Lynn",Media,500+,CA,free,2025-05-24
user_01449,kelly66@example.org,Sarah Wade,Allen and Sons,Media,11-50,BR,pro,2025-03-14
user_01450,benjaminbrown@example.org,Zachary Martinez,"Jones, Townsend and Watts",Finance,51-200,GB,free,2025-01-08
user_01451,jennifergraham@example.org,Mary Powers,"Matthews, Pineda and Clark",Marketing Agency,500+,BR,pro,2025-05-05
user_01452,xdouglas@example.org,Gregory Williams,Price-Hess,Media,51-200,FR,pro,2025-02-26
user_01453,zbarrett@example.net,Joanna Cabrera,"Levy, Henderson and Edwards",Media,11-50,BR,free,
user_01454,adrianlogan@example.com,John Mcneil,Williams and Sons,Marketing Agency,1-10,IN,free,2025-02-05
user_01455,williamsimpson@example.com,Michelle Butler,Welch Ltd,SaaS,11-50,GB,free,2025-02-07
user_01456,lauren55@example.org,Raymond Costa,Clark LLC,Media,11-50,CA,pro,2025-04-26
user_01457,alyssa89@example.net,Christina Carrillo,"Mcbride, Gibson and Ball",Media,11-50,BR,free,2025-04-01
user_01458,amber70@example.com,Jason Sims,Wells Group,Finance,11-50,DE,free,2025-02-18
user_01459,msloan@example.net,Ethan Garza,Baker-Snow,Education,201-500,BR,free,2025-07-06
user_01460,montoyaelizabeth@example.net,Derek Schmidt,Walker Group,Healthcare,11-50,IN,free,2025-03-27
user_01461,randyjordan@example.org,Denise Olsen,"Case, Smith and Oneill",E-commerce,51-200,GB,free,2025-03-16
user_01462,kayla07@example.net,Matthew Roberts,Wyatt Group,Finance,51-200,IN,free,2025-02-04
user_01463,gregory30@example.net,Gary Sanchez,Smith-Anderson,E-commerce,51-200,GB,pro,2025-04-20
user_01464,gary44@example.com,Jeffery Daniel,Davis-Huynh,Media,1-10,US,free,2025-03-18
user_01465,whitney81@example.org,Dr. Sarah Smith,Jones LLC,Finance,201-500,BR,pro,2025-10-11
user_01466,danielhayes@example.org,Sandy Nichols,"Martinez, Contreras and Ramirez",Finance,51-200,CA,free,2025-10-16
user_01467,kellychristopher@example.org,Collin Duffy,"Smith, Sloan and Brock",E-commerce,201-500,GB,enterprise,2025-01-08
user_01468,gayfrancis@example.com,Robert Nichols,Ritter-Todd,Education,500+,IN,enterprise,2025-03-26
user_01469,anthony66@example.org,Patty Powell,Lee Ltd,Healthcare,201-500,AU,pro,2025-03-13
user_01470,vayala@example.net,Willie Perez,"Peck, Norman and Grant",Education,1-10,GB,enterprise,2025-01-07
user_01471,phughes@example.com,Andrew Chavez,Duncan Inc,SaaS,51-200,AU,enterprise,2025-03-30
user_01472,deborah60@example.com,Angela Cameron,"Meyer, Miranda and Watkins",Marketing Agency,1-10,CA,enterprise,2025-05-09
user_01473,jsnyder@example.net,Barbara Cochran,"Stewart, Collins and Short",E-commerce,500+,AU,free,2025-03-16
user_01474,benjamin10@example.com,Yvette Dominguez,Kidd-Ramirez,Non-profit,51-200,BR,enterprise,2025-03-06
user_01475,hzavala@example.com,Eric Evans,Johnson LLC,E-commerce,1-10,FR,free,2025-05-23
user_01476,jack12@example.net,Sarah Cox,Villegas LLC,Healthcare,51-200,US,pro,2025-04-15
user_01477,pamela29@example.org,Angela Williams,Skinner-Pierce,E-commerce,1-10,BR,pro,2025-11-14
user_01478,cainana@example.net,Kimberly Escobar,"Evans, Woodard and Goodwin",Healthcare,11-50,GB,free,2025-05-08
user_01479,collinsnatalie@example.org,Debra Williams,Davis PLC,Finance,11-50,CA,free,
user_01480,rodriguezthomas@example.com,Jennifer Rodriguez,Garza PLC,Marketing Agency,11-50,AU,free,2025-02-11
user_01481,christopherjackson@example.net,Mercedes Garcia,Ruiz Ltd,E-commerce,11-50,CA,free,2025-03-21
user_01482,garybernard@example.net,Wanda Smith,"Golden, Ray and Blair",E-commerce,51-200,US,free,2025-03-15
user_01483,travisyoung@example.com,Michael Lee,"Carter, Taylor and Beltran",E-commerce,1-10,US,pro,2025-04-03
user_01484,sbartlett@example.com,Scott Martinez,,Marketing Agency,1-10,AU,pro,2025-01-02
user_01485,levinerichard@example.org,Melissa Ray,"Carpenter, Coffey and Wright",Non-profit,201-500,IN,free,2025-01-02
user_01486,halljohn@example.org,Melinda Anderson,Hill Inc,Education,51-200,FR,free,2025-08-23
user_01487,pearsonjennifer@example.net,Brian Clark,Thomas Ltd,Healthcare,500+,US,pro,2025-05-21
user_01488,meltonmark@example.com,Joseph Hill,"Harris, Reid and Clark",E-commerce,1-10,IN,free,2025-12-06
user_01489,jacob37@example.com,Jessica King,Ford-Brown,SaaS,1-10,CA,pro,2025-06-06
user_01490,goodmanalice@example.org,Stanley Taylor,Thompson-Hammond,Media,51-200,IN,enterprise,2025-04-19
user_01491,hfloyd@example.org,Hannah Newman,Harris-Shields,Healthcare,11-50,US,enterprise,2025-05-08
user_01492,rstuart@example.org,Mr. Casey Norman,"Tucker, Robinson and Fry",Education,1-10,FR,free,2025-11-12
user_01493,DANIELGRIFFITH@EXAMPLE.NET,Brett Atkins,"Lloyd, Francis and Smith",Healthcare,500+,CA,pro,2025-02-15
user_01494,allenjustin@example.org,Mary Hawkins,"Andrews, Middleton and Weeks",E-commerce,201-500,DE,enterprise,2025-04-03
user_01495,AMADDEN@EXAMPLE.ORG,Erin Norris,"Barnes, Peterson and Castillo",Marketing Agency,11-50,IN,free,2025-05-19
user_01496,danieltorres@example.com,Robert Willis,"Morales, Wilkinson and Guzman",Finance,11-50,IN,enterprise,2025-04-28
user_01497,cody79@example.org,Erika Hodge,Ruiz-Allen,Media,11-50,AU,pro,2025-07-07
user_01498,trevor68@example.org,Ashley Huang,Jenkins Inc,E-commerce,201-500,US,pro,2025-05-09
user_01499,stuartnichols@example.net,Michael Daugherty,Higgins-Walker,Non-profit,11-50,DE,enterprise,2025-03-05
user_01500,jefferydavis@example.com,Kevin Martinez,Day-Wu,SaaS,500+,IN,free,2025-05-11
user_01501,claytonmclean@example.net,Robert Moody,"Francis, Mays and Allen",Media,500+,CA,free,2025-05-15
user_01502,ibarker@example.org,Melissa Smith,Montoya-Robinson,Healthcare,500+,BR,enterprise,2025-03-15
user_01503,gclay@example.org,Crystal Johnston,Simmons LLC,Non-profit,1-10,CA,free,2025-03-28
user_01504,karen82@example.org,Veronica Armstrong,"Hill, Jackson and Moore",Media,1-10,FR,pro,2025-05-24
user_01505,oconnorjames@example.org,Edward Brown,Perez-Taylor,Marketing Agency,51-200,US,enterprise,2025-03-02
user_01506,swansonjennifer@example.com,Shirley Evans,"Reynolds, Watts and Bass",Healthcare,51-200,FR,enterprise,2025-02-06
user_01507,thomassmith@example.com,Christopher Cameron,Rodriguez-Duran,Media,1-10,BR,pro,2025-12-29
user_01508,charlesperry@example.com,Robert Adams,"Reeves, Stephenson and Schmidt",Non-profit,11-50,IN,free,2025-03-31
user_01509,olivia29@example.net,Cindy Cole,Carr Group,SaaS,1-10,FR,pro,2025-01-29
user_01510,leslie93@example.net,Sara Gonzalez,Bennett-Nichols,Finance,11-50,IN,free,2025-05-14
user_01511,baxterdarrell@example.net,Anthony Mclaughlin,"Herring, Wilson and Mendoza",Education,11-50,AU,free,2025-03-15
user_01512,brianwhite@example.org,Cynthia Williams,"Stephens, Jones and Ryan",Marketing Agency,11-50,IN,enterprise,2025-12-29
user_01513,morganamanda@example.com,Joshua Clayton,Patterson and Sons,SaaS,1-10,BR,enterprise,2025-04-27
user_01514,leahwalker@example.net,Charles Ramos,Le-Payne,Education,201-500,BR,pro,2025-05-12
user_01515,steven45@example.org,Adam Johnson,"Vazquez, Roy and Sharp",Media,500+,BR,free,2025-05-22
user_01516,morriskatherine@example.net,Angela Lee,Gonzales PLC,Marketing Agency,51-200,IN,pro,2025-03-04
user_01517,brian90@example.net,Harry Gray,Norton PLC,Finance,51-200,GB,free,2025-04-23
user_01518,karen42@example.org,Brittany Barnett,"Woods, Henry and Kent",Marketing Agency,51-200,CA,free,2025-05-26
user_01519,hernandezmadison@example.com,Rachel Edwards,Williams-Hamilton,Healthcare,11-50,US,free,2025-01-29
user_01520,williamsbrandon@example.net,David Reed,Davis-Ramsey,Marketing Agency,1-10,FR,free,2025-04-03
user_01521,alyssa66@example.net,Jason Salinas,"Perez, Morris and Stanley",Healthcare,11-50,US,pro,2025-01-29
user_01522,kyle29@example.com,Kristen Williams,Brown-Clark,SaaS,201-500,CA,pro,2025-03-19
user_01523,nguzman@example.net,Henry Lutz,"Osborne, Benton and Chase",Healthcare,51-200,IN,enterprise,2025-12-02
user_01524,davidbrown@example.org,Sharon King,"Martinez, Peters and Moreno",E-commerce,201-500,AU,free,2025-01-24
user_01525,greenjessica@example.net,Travis Jimenez,Black Group,Finance,51-200,CA,enterprise,2025-04-22
user_01526,allisonbrown@example.com,Michael Thomas,Montgomery-Phillips,Healthcare,51-200,GB,free,2025-03-12
user_01527,aimeebrewer@example.net,Jennifer Moore,Suarez Ltd,SaaS,201-500,US,pro,2025-01-13
user_01528,michealhardy@example.net,Brian Yu,Miller-Marks,Finance,1-10,CA,pro,2025-04-15
user_01529,ocarter@example.com,Tracy Brooks,Cline-Williams,E-commerce,11-50,GB,enterprise,2025-03-22
user_01530,UKRAMER@EXAMPLE.NET,Joshua Lopez,Chung Ltd,E-commerce,1-10,GB,enterprise,2025-03-28
user_01531,barnettterry@example.com,Douglas Roberts,"Choi, Moreno and Hendricks",Non-profit,1-10,CA,free,2025-05-07
user_01532,ingramjessica@example.com,Michael Stone,Rivera-Compton,SaaS,201-500,US,free,2025-07-16
user_01533,sbishop@example.org,Gina Roberts,"Brown, Farrell and Allen",Non-profit,500+,IN,enterprise,2025-01-09
user_01534,jasonhubbard@example.com,Joseph Matthews,"Martinez, Chandler and Roman",Education,500+,AU,pro,2025-04-06
user_01535,davisjennifer@example.com,Michelle Cobb,"Williams, Cantrell and Allen",Media,1-10,AU,enterprise,2025-05-09
user_01536,mccoyjames@example.org,Mathew Key,Khan Inc,Media,500+,FR,enterprise,2025-02-11
user_01537,hubersamantha@example.net,Kathleen Nixon,Davis-Yu,E-commerce,500+,DE,pro,2025-05-22
user_01538,umaxwell@example.net,Alexandra Lopez,Osborn Inc,Healthcare,201-500,CA,enterprise,2025-05-07
user_01539,cookrobert@example.net,Kyle Glass,Barker LLC,SaaS,500+,AU,free,2025-09-20
user_01540,fwalsh@example.com,Samantha Carlson,"Velez, Rangel and Khan",Media,51-200,GB,free,2025-05-23
user_01541,peterlynch@example.com,Anthony Collins,Stokes PLC,Healthcare,201-500,US,free,2025-01-30
user_01542,daniel43@example.org,John Massey,"Taylor, Shea and Lee",E-commerce,500+,CA,free,2025-04-07
user_01543,shellyobrien@example.net,David Hill,Barnes-Davis,E-commerce,51-200,FR,free,2025-03-20
user_01544,dominguezmeredith@example.com,Joshua Shepard,Gallegos Ltd,Media,51-200,US,enterprise,2025-02-26
user_01545,stricklandmatthew@example.com,Jessica Burch,"Williams, Steele and Wilson",E-commerce,1-10,GB,free,2025-02-13
user_01546,ronaldbradford@example.org,Shelly Brown,Ward Group,Finance,1-10,FR,pro,2025-03-01
user_01547,meyerskathryn@example.com,Jesus Flores,"Lewis, Cisneros and Saunders",Non-profit,500+,CA,free,2025-12-03
user_01548,priscilla50@example.com,Catherine Armstrong,Sims-Washington,Healthcare,11-50,FR,free,2025-03-08
user_01549,christineriggs@example.com,Victor Wilson,Kemp-Smith,Healthcare,201-500,GB,enterprise,2025-09-21
user_01550,vdeleon@example.com,Scott Durham,"English, Taylor and Williams",SaaS,11-50,GB,pro,2025-05-14
user_01551,deannamendez@example.org,Michael Hayes,"Smith, Short and Romero",Education,11-50,BR,free,2025-05-23
user_01552,prattjustin@example.org,Michelle Chavez,Aguilar-Martin,Education,201-500,DE,free,2025-03-13
user_01553,kwang@example.com,Mary Greer,"Jacobs, Burke and Blair",Media,51-200,CA,pro,2025-03-25
user_01554,hdavis@example.com,Richard Riley,"Crane, Wright and Rivera",E-commerce,1-10,CA,pro,2025-06-07
user_01555,phillipskelsey@example.com,Rebecca Vincent,Zamora Inc,Marketing Agency,1-10,DE,free,2025-02-06
user_01556,maryroman@example.org,Charles Costa,Elliott-Yu,Marketing Agency,201-500,GB,enterprise,2025-04-06
user_01557,russellholly@example.net,James Wilson,Compton-Johnson,E-commerce,201-500,US,pro,2025-04-11
user_01558,nthompson@example.com,Wendy Perez,"Robinson, Santiago and Morrison",Healthcare,500+,FR,free,2025-05-25
user_01559,debra82@example.net,Nicole Huff,Clayton-Merritt,Marketing Agency,500+,IN,pro,2025-05-24
user_01560,hclay@example.org,Kylie Hamilton,Dunn and Sons,Media,11-50,CA,enterprise,
user_01561,wgarza@example.net,Jessica Adams,"Reyes, Gray and Russell",Marketing Agency,201-500,IN,pro,2025-01-26
user_01562,mcleanjay@example.net,Mr. Michael Jennings,Miranda PLC,Education,11-50,CA,enterprise,2025-03-14
user_01563,ashley14@example.org,Jennifer Hernandez,"Hogan, Collins and Hicks",Media,1-10,BR,free,2025-04-04
user_01564,bondmarissa@example.org,Danny Smith,"Hamilton, Myers and Mcclure",Marketing Agency,201-500,IN,enterprise,2025-03-01
user_01565,murillodarryl@example.com,Angela Barnett,"Rogers, Montes and Dickerson",Education,51-200,FR,pro,2025-01-02
user_01566,doughertynicholas@example.org,Diana Carter,"Jones, Rojas and Brown",SaaS,201-500,FR,enterprise,2025-03-09
user_01567,oayala@example.net,Kevin Ramos,Sims-Williams,E-commerce,500+,GB,pro,2025-03-25
user_01568,jeffrey44@example.org,Jessica George,Martin-Klein,Non-profit,11-50,IN,free,2025-04-05
user_01569,umcclure@example.com,Jennifer Anderson,Cooper PLC,SaaS,500+,DE,free,2025-02-28
user_01570,reesetravis@example.net,Tammy Leblanc,Cunningham PLC,Finance,11-50,GB,pro,2025-03-27
user_01571,hammondjoseph@example.com,Megan Baker,,Media,1-10,AU,free,2025-03-26
user_01572,christopheranderson@example.com,Timothy Harris,Rodriguez-Stephens,Education,1-10,GB,free,2025-01-26
user_01573,marshalljamie@example.org,Angela Martin,Rodriguez-Christensen,Non-profit,1-10,BR,enterprise,2025-04-04
user_01574,mandypetty@example.com,Jon Berry,Bennett-Lee,SaaS,51-200,BR,pro,2025-04-07
user_01575,qjones@example.net,Dennis Williams,Lin LLC,Healthcare,11-50,CA,enterprise,2025-05-25
user_01576,thomasrandall@example.net,Robert Reynolds,Cooley-Young,SaaS,51-200,US,free,2025-11-04
user_01577,evelyncollier@example.com,Brian Thomas,Figueroa-Porter,Education,201-500,US,free,2025-04-02
user_01578,rosejones@example.org,Sherry Shannon,"Herrera, White and Fuller",E-commerce,201-500,AU,free,2025-02-26
user_01579,april62@example.net,Morgan Henry,"Mcdaniel, Kim and Chang",Media,51-200,CA,pro,2025-05-22
user_01580,nancyryan@example.org,Cassandra Maldonado,Ortiz-Morgan,Healthcare,11-50,IN,free,2025-09-30
user_01581,bmoyer@example.com,Leah Ball,Powell-Ho,SaaS,11-50,GB,free,2025-11-11
user_01582,chavezisabel@example.com,Kathleen Mccullough,"Chan, Thomas and Sparks",Non-profit,11-50,GB,free,2025-01-26
user_01583,kathy68@example.org,Ryan White,"Bailey, Craig and Miller",Marketing Agency,201-500,BR,free,2025-04-30
user_01584,qshelton@example.com,George Zhang,Mcdaniel Group,Media,11-50,FR,pro,2025-05-16
user_01585,jessicamills@example.org,Kenneth Murphy,Novak-Fischer,Marketing Agency,51-200,CA,pro,2025-01-12
user_01586,grantamanda@example.net,Jeffrey Lynch,Logan-Parrish,Healthcare,11-50,FR,enterprise,2025-02-24
user_01587,davidsellers@example.com,Tiffany Holt,Bates PLC,Marketing Agency,51-200,AU,free,2025-03-12
user_01588,mproctor@example.net,Katie Carter,Evans PLC,E-commerce,201-500,GB,enterprise,2025-02-24
user_01589,meghan98@example.net,Maria Campbell,Garrett-Romero,Non-profit,1-10,CA,free,2025-04-06
user_01590,dominguezscott@example.com,Cynthia Stephens,Myers-Gonzalez,SaaS,51-200,FR,pro,2025-05-13
user_01591,anthonygilbert@example.com,Blake Mendez,"Burton, Mcpherson and Simpson",Education,11-50,DE,pro,2025-05-21
user_01592,jcruz@example.net,Jessica Crawford,Hood and Sons,E-commerce,11-50,CA,free,2025-03-16
user_01593,zachary37@example.net,Mason Flores,"Smith, Schneider and Fleming",Media,201-500,CA,enterprise,2025-05-08
user_01594,migueldominguez@example.org,Shawna Campos,James-Harvey,Non-profit,201-500,AU,pro,2025-04-17
user_01595,bcarroll@example.net,Douglas Weaver,"Cooper, Brooks and King",Media,201-500,DE,free,2025-01-30
user_01596,zmurray@example.org,Ronald Carr,Little Ltd,Education,51-200,IN,enterprise,2025-10-22
user_01597,francesstevenson@example.com,Sandra Walker,Payne PLC,E-commerce,201-500,BR,enterprise,2025-01-23
user_01598,petersonfrank@example.org,Sydney Lopez,Bowen-Randolph,SaaS,500+,DE,pro,2025-04-08
user_01599,robincooper@example.org,Carolyn Shah,Oneill and Sons,Marketing Agency,11-50,BR,free,2025-01-26
user_01600,alyssa51@example.org,Teresa Rodriguez,"Myers, Diaz and Lynn",E-commerce,11-50,IN,enterprise,2025-04-14
user_01601,ystone@example.net,Leonard Avila,"Mitchell, Green and Smith",Healthcare,201-500,DE,pro,2025-05-30
user_01602,courtney18@example.net,Ronnie Sloan,"Washington, Williams and Boyd",Media,500+,US,free,2025-01-01
user_01603,brandi40@example.org,Christine Parker,Carter-Rodriguez,Non-profit,51-200,AU,pro,2025-11-04
user_01604,james32@example.com,Cindy Barnes,"Singleton, Warren and Allen",SaaS,11-50,US,pro,2025-02-22
user_01605,uwest@example.org,Marc Cisneros,Terry Ltd,SaaS,51-200,GB,free,2025-02-26
user_01606,campbellkayla@example.org,Hector Bryant,"Moreno, Bright and Horton",Media,11-50,CA,pro,2025-01-11
user_01607,mhoffman@example.net,Norma Smith,Anderson-Kirk,Education,51-200,CA,pro,2025-03-09
user_01608,richard25@example.net,Rhonda Patterson,Sosa PLC,SaaS,201-500,DE,pro,2025-12-10
user_01609,csparks@example.net,Edwin Jackson,Mccarthy-Dixon,Marketing Agency,51-200,AU,pro,2025-01-12
user_01610,amber59@example.com,Rebecca Stewart,"Skinner, Roberts and Shaw",Marketing Agency,500+,CA,free,2025-04-19
user_01611,susan11@example.net,Gary Taylor,Khan Inc,Non-profit,500+,AU,free,2025-09-25
user_01612,lauriewatson@example.org,Sherry Jones,Anderson Inc,Media,500+,BR,free,2025-03-27
user_01613,miranda13@example.org,John Boyd,"Schultz, Peters and White",Healthcare,51-200,GB,pro,2025-02-14
user_01614,campbelljustin@example.net,Janet Willis,"Henry, Porter and Jefferson",Finance,11-50,GB,pro,2025-02-06
user_01615,rodneynolan@example.com,Eileen Gutierrez,"Smith, Diaz and Robertson",SaaS,51-200,US,enterprise,2025-04-06
user_01616,samantharoberts@example.org,Renee Thompson,,Media,1-10,GB,enterprise,2025-02-04
user_01617,martinezcatherine@example.net,Eric Davis,Rodgers-Mcclure,Healthcare,1-10,GB,pro,2025-02-17
user_01618,robertburns@example.org,Julie Johnson,Wang Group,E-commerce,201-500,BR,free,2025-11-10
user_01619,ortegagregory@example.org,Karen Flores,"Mcpherson, Hart and Baker",Marketing Agency,11-50,AU,pro,2025-01-03
user_01620,nicholashuffman@example.org,Luke Dixon,"Harmon, Reyes and Sandoval",Marketing Agency,1-10,CA,free,2025-04-14
user_01621,jessicalong@example.net,Michelle Horne,"Harrison, Brown and Mcdaniel",E-commerce,11-50,GB,enterprise,2025-03-07
user_01622,scottlove@example.org,Mary Levy,Nguyen and Sons,SaaS,51-200,FR,enterprise,2025-04-20
user_01623,barbarabradley@example.net,Jason Jackson,Oconnor LLC,Non-profit,500+,CA,free,2025-02-17
user_01624,bowmanjoel@example.net,Steven Nguyen,Park-Sanchez,Non-profit,1-10,BR,free,2025-01-09
user_01625,lukecase@example.com,John Newman,"Manning, Snyder and Martin",Healthcare,201-500,GB,free,2025-02-13
user_01626,broberts@example.net,Sean Lane,Carr-Hardy,Healthcare,1-10,IN,free,2025-02-25
user_01627,patriciamunoz@example.net,Cody Thompson,Martin LLC,Non-profit,51-200,CA,free,2025-01-22
user_01628,elizabethcarlson@example.net,Michelle Lewis,"Woodard, Murphy and Riley",E-commerce,1-10,GB,free,2025-01-23
user_01629,davidjohnson@example.net,Annette Mcguire,Daniel-Barber,SaaS,201-500,GB,free,2025-04-14
user_01630,kelleyglen@example.org,Julian Obrien,"Dyer, Stone and Hunter",Non-profit,51-200,CA,free,2025-09-24
user_01631,nbailey@example.net,Michele Watson,"Howard, Young and Nichols",Non-profit,1-10,US,pro,2025-04-07
user_01632,lindseysandra@example.org,Donald Turner,Brewer-Briggs,SaaS,51-200,GB,pro,2025-02-27
user_01633,daniel15@example.org,Shelby Duncan,Johnson and Sons,Finance,1-10,CA,pro,2025-05-21
user_01634,kimberlyblair@example.net,Mary Davis,Woods Ltd,E-commerce,51-200,GB,free,2025-05-22
user_01635,brianmorrow@example.org,Wendy Miller,"Watkins, Davis and Ponce",Finance,201-500,IN,free,2025-03-16
user_01636,raymondschultz@example.net,Daniel Wilson,"Bradshaw, Choi and Ortiz",Education,11-50,AU,pro,2025-03-22
user_01637,brianobrien@example.net,Audrey Reyes,Anderson and Sons,Finance,500+,AU,pro,2025-04-17
user_01638,martinezjennifer@example.com,Grant Newton,"Wolf, Randolph and Gonzalez",Media,1-10,AU,pro,2025-04-23
user_01639,benjaminarmstrong@example.com,Daniel Smith,Gibson Ltd,Marketing Agency,51-200,IN,enterprise,2025-02-09
user_01640,kimberly12@example.com,Brandon Johnson,"Vega, Garrett and Taylor",Education,51-200,GB,free,2025-12-24
user_01641,michelle95@example.org,Dustin Anderson,"Lee, Bradford and Vang",Healthcare,11-50,AU,enterprise,2025-01-28
user_01642,jennifer10@example.org,Laura Reed,"Silva, Colon and Frank",E-commerce,11-50,BR,pro,2025-01-22
user_01643,tanyawilson@example.com,Timothy Dunn,"Richardson, Parker and Bradshaw",Education,1-10,CA,enterprise,2025-09-28
user_01644,meghangreen@example.org,Paula Johnson,Conrad-Henderson,SaaS,1-10,GB,pro,2025-01-15
user_01645,christina73@example.net,Antonio George Jr.,"Griffith, Miller and Simmons",Marketing Agency,500+,BR,free,2025-01-16
user_01646,gutierrezdavid@example.com,Theresa Rodriguez,Green-Shields,SaaS,500+,DE,pro,2025-02-05
user_01647,walkerjennifer@example.com,Anthony Smith,Velez-Sullivan,Marketing Agency,51-200,CA,free,2025-05-21
user_01648,xelliott@example.net,Jay Buchanan,"Brown, Ramos and Rhodes",SaaS,500+,GB,free,2025-05-05
user_01649,nathan62@example.org,Ryan Taylor,Murray-Smith,Finance,500+,DE,pro,2025-03-24
user_01650,peterskayla@example.net,Daniel Shaffer,"Sparks, Spencer and Garcia",Media,201-500,GB,free,2025-07-14
user_01651,fhill@example.com,Jose Stephens,"Davis, Acosta and Diaz",SaaS,11-50,BR,pro,2025-01-18
user_01652,hernandezanthony@example.net,Grant Brown,Gonzalez Inc,E-commerce,201-500,IN,free,2025-02-12
user_01653,pchavez@example.org,Daryl Miller,Hess LLC,Healthcare,11-50,US,free,2025-05-05
user_01654,tara47@example.com,James Wilson,Johnson PLC,Non-profit,1-10,CA,free,2025-09-09
user_01655,iwhite@example.net,Jillian Warner,"King, Johnson and Martinez",Education,1-10,AU,pro,2025-04-28
user_01656,cookyvonne@example.org,Brooke Patrick,Weeks-Massey,Media,500+,US,free,2025-04-16
user_01657,jkim@example.org,Austin Allen,Lyons Group,Media,1-10,AU,free,2025-05-01
user_01658,johnsontina@example.com,Brett Hanna,"Lawrence, Fischer and Pope",Finance,1-10,US,pro,2025-04-21
user_01659,griffintodd@example.com,David Smith,"Baker, Young and Tate",Education,51-200,BR,free,2025-03-01
user_01660,hooveranna@example.net,Lynn Adams,Edwards Ltd,Education,11-50,CA,pro,2025-03-03
user_01661,stewartgeorge@example.com,Kathryn Morton,Lucas-Harper,SaaS,1-10,BR,pro,2025-05-24
user_01662,znoble@example.net,Katherine Walker,Gonzalez PLC,SaaS,201-500,CA,free,2025-01-08
user_01663,ajennings@example.com,Nicole Garcia,Moses-Hernandez,Media,11-50,GB,enterprise,2025-02-06
user_01664,dmitchell@example.com,Derek Hall,Gill Group,Education,201-500,GB,enterprise,2025-03-04
user_01665,jasonbarker@example.net,Linda Aguilar,Forbes Group,Healthcare,1-10,BR,pro,2025-03-11
user_01666,joneslynn@example.com,Jeffrey Travis,"Taylor, Lewis and Williams",SaaS,500+,IN,pro,2025-04-29
user_01667,iweiss@example.org,Jason Randall,"Ortega, Johnson and Pratt",Non-profit,500+,CA,free,2025-01-03
user_01668,cody81@example.org,Michael Gilbert,"Larson, Dyer and Deleon",Non-profit,11-50,CA,free,2025-03-30
user_01669,hlester@example.org,Tonya Simon,"Gordon, Matthews and Roberts",E-commerce,11-50,IN,free,2025-03-12
user_01670,ochoamelissa@example.net,Stephanie Torres,Martin Inc,Finance,11-50,CA,enterprise,2025-04-02
user_01671,warroyo@example.net,Tammy Duncan,Compton-Brooks,Non-profit,201-500,BR,free,2025-07-09
user_01672,ryanbryan@example.org,Anthony Wells,Estrada-Poole,Finance,51-200,FR,pro,2025-12-23
user_01673,meganjames@example.org,Jamie Duran,"Miller, Moore and Macdonald",Finance,51-200,US,free,2025-05-13
user_01674,lacey96@example.net,Brittany Barber,Lane-Duarte,Media,500+,US,free,2025-05-06
user_01675,dbeck@example.com,Henry Reeves,Conway-Davis,SaaS,500+,BR,free,2025-01-21
user_01676,brodriguez@example.org,Juan Wright MD,"English, Vazquez and Grant",Finance,1-10,FR,free,2025-03-28
user_01677,jennifer51@example.com,Shannon Hopkins,"Sanders, Carter and Williams",Finance,1-10,CA,pro,2025-05-05
user_01678,smiles@example.net,Joshua Le,"Patterson, Baker and Hunt",Healthcare,201-500,AU,enterprise,2025-01-22
user_01679,calvinsmith@example.net,James Moore,Carpenter-Sanchez,Finance,11-50,IN,free,2025-01-13
user_01680,ihill@example.org,Walter Choi,Adams Group,SaaS,201-500,GB,free,2025-03-30
user_01681,christinabeard@example.org,Mrs. Brittany Archer,"Wallace, Johnston and Coleman",Healthcare,1-10,FR,pro,2025-03-04
user_01682,davischarles@example.org,Nicole Hardy,Guerrero-Benitez,Media,1-10,BR,free,2025-07-03
user_01683,yolandamarks@example.net,David Alvarez,Kline-Peterson,SaaS,1-10,DE,free,2025-05-04
user_01684,bradleyscott@example.net,Jennifer Chan,"Johnson, Martin and Knox",Finance,201-500,AU,enterprise,2025-02-27
user_01685,karen72@example.com,Brent Stewart,Marks Ltd,Marketing Agency,1-10,BR,free,2025-02-20
user_01686,joshua96@example.com,Julie Yang,"Jones, Black and Graves",Media,51-200,BR,free,2025-05-27
user_01687,paynestephanie@example.net,James Whitaker,Davis Inc,SaaS,201-500,FR,pro,2025-04-14
user_01688,hnelson@example.org,Sara Dean,Sims-Valentine,Marketing Agency,500+,AU,free,2025-08-10
user_01689,ijensen@example.net,Danielle Hester,Horton-Dunn,SaaS,51-200,FR,pro,2025-05-10
user_01690,sarah69@example.com,Sharon Murphy,"Green, Edwards and Keller",Finance,51-200,CA,enterprise,
user_01691,martinezdennis@example.net,Amy Mcdaniel,Vang-Sanchez,Marketing Agency,201-500,GB,free,2025-09-19
user_01692,csmall@example.com,John Henderson,"Brown, Wall and Medina",E-commerce,1-10,AU,enterprise,2025-05-05
user_01693,uclark@example.org,Michael Martinez,"Riley, Murphy and Greene",SaaS,500+,BR,free,2025-03-14
user_01694,dwashington@example.org,Marisa Turner,Evans PLC,Marketing Agency,51-200,FR,enterprise,2025-02-10
user_01695,harold46@example.com,Denise Leach,"Austin, Reynolds and Jenkins",E-commerce,201-500,IN,pro,2025-03-01
user_01696,kristina42@example.org,Tara Edwards,Burns-Ramos,Healthcare,500+,FR,free,2025-03-10
user_01697,duncankimberly@example.com,Traci Lee,"Trujillo, Johnson and Anderson",Education,11-50,GB,pro,2025-02-04
user_01698,jonathan66@example.org,Cathy Barnes,"Roberts, Rodriguez and Chen",Healthcare,51-200,CA,free,2025-03-16
user_01699,jeremy00@example.net,Jessica Foley,Thompson LLC,E-commerce,1-10,BR,enterprise,2025-11-09
user_01700,sylviayates@example.com,Karen Douglas,Morales-Gallagher,E-commerce,201-500,US,pro,2025-05-26
user_01701,pricedale@example.org,William Davis,"Ochoa, King and Robles",Finance,500+,BR,free,2025-03-23
user_01702,aholder@example.net,John Black,Olson-Simpson,Education,201-500,BR,enterprise,2025-04-02
user_01703,jamesmiller@example.net,Teresa Wallace,Galvan LLC,Healthcare,1-10,FR,pro,2025-09-08
user_01704,ttaylor@example.com,Sarah Little,Jones-Cross,Non-profit,51-200,BR,free,2025-07-17
user_01705,brianrice@example.org,Stacey Peterson,Reed-Chapman,Healthcare,1-10,US,enterprise,2025-01-01
user_01706,idelacruz@example.org,Gregory Fuentes,Richardson LLC,Education,51-200,GB,enterprise,2025-03-14
user_01707,kylemartinez@example.net,Crystal Nguyen,Cox-Goodwin,Healthcare,11-50,BR,free,2025-06-17
user_01708,brandon64@example.com,Dominique Mcdonald,"Thomas, Gonzalez and Beard",Healthcare,11-50,BR,enterprise,2025-11-08
user_01709,taylorjames@example.net,Mrs. Kimberly Cannon,"Rowland, Fleming and Oliver",Education,500+,GB,free,2025-03-09
user_01710,hayesrachel@example.com,Dana Carter,"Gregory, Jackson and Jackson",SaaS,500+,CA,pro,2025-01-20
user_01711,mikaylapeters@example.com,Sally Hurst,Klein-Pena,Non-profit,500+,GB,enterprise,2025-03-18
user_01712,soliscarlos@example.com,Samantha Scott,"Reid, Johnson and Lynch",Marketing Agency,201-500,US,free,2025-03-21
user_01713,MARKGARDNER@EXAMPLE.ORG,Steven Rivera,Ibarra Inc,E-commerce,500+,BR,free,2025-04-26
user_01714,hodgemichelle@example.net,Kayla Espinoza,Alexander-Wagner,Finance,51-200,GB,free,2025-05-23
user_01715,kirbymichael@example.org,David Santiago,,Media,201-500,DE,free,
user_01716,LORIKOCH@EXAMPLE.NET,Lance Robinson,"Mueller, Rodriguez and May",SaaS,1-10,CA,free,
user_01717,john91@example.org,Toni Hunt,Sawyer-Moss,SaaS,51-200,DE,free,2025-04-26
user_01718,hmcneil@example.net,Stacey Duran,"Brown, Kaiser and Edwards",Education,11-50,BR,free,2025-02-06
user_01719,marygarcia@example.com,Dawn Hall,Hensley PLC,Finance,1-10,AU,free,2025-01-05
user_01720,lpage@example.com,Dalton Hawkins,Vargas and Sons,Finance,11-50,GB,enterprise,2025-03-14
user_01721,johnsparks@example.org,Victoria Keller,Johnson-Mora,Marketing Agency,1-10,FR,pro,2025-02-04
user_01722,sherryknight@example.org,Kayla Williams,"Hawkins, Lewis and Thomas",Marketing Agency,11-50,DE,enterprise,2025-07-07
user_01723,velasquezalexis@example.org,Aaron Brown,"Cruz, Hamilton and Wilson",Marketing Agency,500+,GB,pro,2025-03-16
user_01724,romerocrystal@example.net,Tamara Rhodes,"Hughes, Smith and Miller",Media,1-10,FR,free,2025-03-12
user_01725,JAIME61@EXAMPLE.COM,Nathaniel Hurst,Mcfarland-Santos,SaaS,51-200,DE,pro,2025-01-17
user_01726,lawrencekari@example.com,Richard Miranda,"May, Lee and Parker",Non-profit,201-500,IN,free,2025-01-18
user_01727,marilyn10@example.org,Raymond Smith,Moon-Smith,Non-profit,11-50,AU,enterprise,2025-03-19
user_01728,sherry96@example.com,Erin Leach,Graham Ltd,Healthcare,1-10,DE,free,2025-05-20
user_01729,fhenderson@example.org,Matthew Hendricks,Dillon-Fletcher,Finance,201-500,IN,enterprise,2025-02-09
user_01730,valeriesmith@example.com,Ashlee Mendez,"Adams, Montgomery and Williams",Education,500+,CA,free,2025-05-26
user_01731,richardsonanna@example.org,Joshua Phillips,Gray Ltd,Education,51-200,CA,free,2025-03-25
user_01732,mmoore@example.com,Kelsey Fernandez,"Peters, Hurst and Knight",Non-profit,500+,BR,enterprise,2025-01-07
user_01733,rrice@example.net,Rachael Jones,Watson PLC,Education,201-500,US,enterprise,2025-05-06
user_01734,dwhite@example.org,Stephanie Johnson,"Young, Johnson and Miller",SaaS,51-200,AU,free,2025-03-04
user_01735,wibarra@example.com,Victor Boyd,"Guerra, Lopez and Smith",SaaS,51-200,CA,free,2025-05-08
user_01736,tranadam@example.net,Charles Jones,Ward-Dixon,Education,11-50,IN,free,2025-05-14
user_01737,murraystephen@example.net,Paul Freeman,Guzman-Bowers,E-commerce,201-500,DE,enterprise,2025-03-04
user_01738,weaverlaura@example.net,Diana Franklin,"Powell, Taylor and Adams",Non-profit,500+,CA,free,
user_01739,donaldhahn@example.com,Angela Brown,"Keith, Gentry and Baker",Healthcare,51-200,FR,free,2025-05-06
user_01740,joseph21@example.net,Edward Tucker,Flores PLC,Finance,1-10,DE,enterprise,2025-01-10
user_01741,aaronlane@example.org,Holly Rivas,"Andrews, Hurley and Williams",Education,500+,BR,pro,2025-01-25
user_01742,trobinson@example.com,Trevor Stevens,Wilcox LLC,Marketing Agency,201-500,DE,free,2025-01-05
user_01743,gbraun@example.org,Lisa Clay,Smith-Davis,Marketing Agency,51-200,US,free,2025-03-20
user_01744,eugenegreen@example.com,Chad Barnes,David-Daniels,Healthcare,51-200,DE,enterprise,2025-01-19
user_01745,adam10@example.com,Margaret Mullins,Davis PLC,Education,201-500,US,free,2025-03-09
user_01746,theresa92@example.com,Ashley Velasquez,Edwards Group,Finance,1-10,FR,enterprise,2025-05-16
user_01747,adkinsbradley@example.com,Robert Bauer,Hoover and Sons,Marketing Agency,1-10,GB,free,2025-02-09
user_01748,bradleyford@example.com,Melanie Smith,Scott-Haynes,Healthcare,11-50,GB,enterprise,2025-03-04
user_01749,wileyaudrey@example.com,Erin Carter,"Thomas, Bradley and Mcdonald",Education,500+,US,enterprise,2025-05-21
user_01750,michellejenkins@example.org,Diana Kennedy,Gutierrez Ltd,Marketing Agency,1-10,US,free,2025-12-04
user_01751,chunglaura@example.net,Vanessa Harris,Shepherd-Miller,Healthcare,51-200,GB,free,2025-01-30
user_01752,johnsonmartin@example.org,Justin Bishop,Cohen Inc,SaaS,51-200,GB,pro,2025-08-15
user_01753,nstafford@example.net,David Gallagher,Rogers and Sons,Healthcare,201-500,CA,enterprise,2025-12-11
user_01754,zmoreno@example.com,Jessica Mcgee,Lee-Kelley,Finance,51-200,FR,pro,2025-02-16
user_01755,patricia88@example.org,Tracy Stewart,Reyes Ltd,Non-profit,51-200,CA,free,2025-07-07
user_01756,richard28@example.org,Anthony Velasquez,Bush-Long,Media,1-10,CA,pro,2025-02-17
user_01757,wharvey@example.org,James Harris,Daniel Inc,Media,201-500,BR,free,2025-01-24
user_01758,fernandezmathew@example.com,Johnny Graves,"Johnson, Branch and Garcia",Education,51-200,IN,free,2025-01-21
user_01759,corymiller@example.org,Jordan Hughes,"Andersen, Smith and Murphy",SaaS,11-50,FR,free,2025-04-08
user_01760,janet76@example.org,Cassandra Schultz,Love-Watson,Media,201-500,AU,enterprise,2025-03-29
user_01761,lesliegillespie@example.com,Angela Thompson,Orozco Ltd,Non-profit,500+,CA,free,2025-03-24
user_01762,iansantana@example.net,Victor Smith,Malone-Lyons,Media,1-10,IN,pro,2025-01-21
user_01763,millerdaniel@example.org,Tara Knox,Levy-Pena,Finance,51-200,DE,pro,2025-01-06
user_01764,scott95@example.org,Andrew Davenport,Hubbard Ltd,Healthcare,11-50,GB,free,2025-04-17
user_01765,meganford@example.net,Hector Paul,"Diaz, Johnson and Hall",Marketing Agency,201-500,DE,pro,2025-03-25
user_01766,williamstoni@example.com,Lisa Booker,"Smith, Vaughn and Riley",Healthcare,11-50,DE,pro,2025-01-10
user_01767,ramirezdavid@example.org,Jessica Hunter,"Compton, Mitchell and Jones",Finance,500+,BR,pro,2025-02-04
user_01768,courtney13@example.net,Luis Mcclain,"Howard, Wolf and Sanchez",E-commerce,11-50,CA,pro,2025-01-10
user_01769,gina52@example.org,Benjamin Brown,Hudson-Lane,Media,1-10,CA,pro,2025-01-07
user_01770,sandersroy@example.net,Joshua Love,Baker-Osborne,Healthcare,201-500,BR,pro,2025-05-01
user_01771,wendymason@example.net,Michelle Huber,"Lee, Charles and Parker",Non-profit,201-500,AU,enterprise,2025-05-23
user_01772,michelle00@example.com,James Charles Jr.,Smith-Martin,Non-profit,500+,DE,free,2025-02-09
user_01773,maria17@example.org,Mrs. Beverly Myers,Rodriguez-Medina,Finance,51-200,AU,free,2025-02-06
user_01774,brandiburton@example.net,Michaela Hernandez,Parker Inc,SaaS,51-200,IN,free,2025-05-13
user_01775,smithkristin@example.net,Steven Fisher,"Williams, Sanchez and Walsh",Healthcare,51-200,US,pro,2025-01-03
user_01776,pdixon@example.org,Steven Davis,Wallace-Norton,SaaS,1-10,FR,enterprise,2025-02-21
user_01777,campbellerika@example.com,Shawn Hart,"Hayes, Vincent and Valencia",Media,201-500,CA,free,2025-08-15
user_01778,jacksonjillian@example.com,James Hall,Barnes and Sons,Non-profit,11-50,GB,pro,2025-01-04
user_01779,dyerdonald@example.com,Cody Scott,Wu-Neal,Non-profit,51-200,IN,free,2025-10-29
user_01780,aaronwallace@example.org,Sarah Perez,"Smith, Lopez and Graves",Non-profit,201-500,DE,enterprise,2025-03-10
user_01781,coreypope@example.net,Andrea Meadows,"Floyd, Boyd and Browning",Non-profit,51-200,IN,enterprise,2025-01-03
user_01782,parksariana@example.com,Brian Kim,"Watson, Pierce and Miller",Marketing Agency,11-50,BR,pro,2025-05-14
user_01783,ashley77@example.org,Anna Hawkins,Fletcher LLC,Education,201-500,US,enterprise,2025-09-14
user_01784,timothycannon@example.net,Cindy Kelley,Franklin-Moore,Healthcare,51-200,AU,pro,2025-05-24
user_01785,znolan@example.net,Tyrone Collins,Sandoval PLC,Healthcare,1-10,DE,enterprise,2025-03-17
user_01786,garywebster@example.org,Christopher Lewis,Herrera-Garrett,Finance,500+,GB,pro,2025-09-21
user_01787,derekdougherty@example.org,Donald Freeman,Pena-Simon,Education,201-500,BR,free,2025-05-12
user_01788,jonesterri@example.com,Michelle Haynes,"Martinez, Burton and Smith",Marketing Agency,500+,FR,free,2025-04-18
user_01789,walterstiffany@example.com,Melissa Robinson,Anderson Group,Finance,500+,FR,free,2025-02-17
user_01790,ihoward@example.net,Dana Robbins,Roach and Sons,SaaS,201-500,GB,pro,2025-01-02
user_01791,butlerolivia@example.com,Craig Fleming,Cooper PLC,SaaS,51-200,IN,pro,2025-02-26
user_01792,sarahgonzales@example.com,Steven Davis,"Walker, Tate and Sutton",Marketing Agency,11-50,DE,free,2025-02-27
user_01793,vickidavis@example.net,Melissa Newton,Evans-Grimes,Non-profit,1-10,BR,free,2025-02-17
user_01794,valenciaerik@example.net,Colleen Raymond,Baker Ltd,SaaS,51-200,DE,free,2025-01-01
user_01795,carl66@example.org,Brad Melton,Barnes Inc,SaaS,1-10,DE,pro,2025-07-14
user_01796,richardsonangela@example.com,Jennifer Booker,Stevens-Mullins,E-commerce,51-200,AU,free,2025-05-23
user_01797,reyesjackie@example.org,Jose Long,,Healthcare,201-500,BR,free,2025-03-10
user_01798,kevin07@example.com,Craig Torres,Love PLC,Non-profit,500+,DE,enterprise,2025-02-08
user_01799,tcooper@example.net,Carol Lopez,Cruz Group,Education,500+,GB,pro,2025-03-26
user_01800,davistanya@example.com,Jason Taylor,"Cooper, Pena and Dominguez",Healthcare,500+,AU,free,2025-02-08
user_01801,emily18@example.net,Tina Ferguson,Avery-Wheeler,Finance,500+,GB,free,2025-01-17
user_01802,singhsarah@example.org,Misty Solomon,"Miller, Burke and Fleming",Finance,51-200,FR,free,2025-03-26
user_01803,jeffrey85@example.org,Michelle Rivers,Valentine-Dickson,Healthcare,201-500,US,pro,2025-03-25
user_01804,pamelaestrada@example.com,Courtney Green,Avery Inc,Healthcare,1-10,GB,enterprise,2025-01-11
user_01805,chrismccarthy@example.com,Kendra Sullivan,Baird-Adams,Education,11-50,DE,pro,2025-02-28
user_01806,yosborne@example.net,Debra Rivera,Morales-Joseph,Marketing Agency,201-500,IN,free,2025-03-18
user_01807,jennifer53@example.com,Jessica Elliott,Long-Velazquez,E-commerce,51-200,CA,free,2025-02-02
user_01808,erivers@example.com,Douglas Miller,Mitchell-Johnson,Education,1-10,CA,pro,2025-08-08
user_01809,armstrongsara@example.net,Elizabeth Miller,Lopez-Ross,Marketing Agency,11-50,GB,pro,2025-09-19
user_01810,marcuscase@example.net,Eric Griffin,Castaneda and Sons,SaaS,51-200,DE,free,2025-04-07
user_01811,chaveztina@example.org,Ricardo Chapman,Baker Group,Finance,500+,AU,free,2025-12-30
user_01812,fitzpatrickjustin@example.net,Marie Silva,Sparks and Sons,E-commerce,500+,CA,free,2025-01-01
user_01813,tvelasquez@example.com,Cindy Pacheco,Knight-Robinson,Finance,201-500,US,pro,2025-01-21
user_01814,rperez@example.org,Matthew Simon,Bentley-Short,SaaS,11-50,DE,free,2025-04-27
user_01815,douglasmartinez@example.com,Jillian Hendricks,"Campbell, Moore and Cox",E-commerce,201-500,GB,free,2025-09-22
user_01816,jocelyn26@example.net,Debbie Richard,"Zamora, Jimenez and Rodriguez",Media,11-50,AU,free,2025-02-05
user_01817,dawnmartin@example.net,Megan Holt,Hogan-Hutchinson,E-commerce,500+,IN,free,2025-02-26
user_01818,jeffreywallace@example.com,Jeffrey Fleming,Lopez-Mcdonald,E-commerce,201-500,BR,free,2025-02-23
user_01819,ramirezbryan@example.org,Lori Howard,Cervantes PLC,Finance,1-10,BR,free,2025-02-27
user_01820,johnsonsharon@example.com,Mary Williams,Mccall Group,Finance,1-10,FR,free,2025-02-28
user_01821,jessicajones@example.org,Matthew Dougherty,Coleman PLC,Finance,51-200,US,enterprise,2025-07-01
user_01822,jeremy91@example.org,Kendra Burton,Snyder and Sons,Media,51-200,BR,pro,2025-05-19
user_01823,gonzalezjames@example.net,Michael Holmes,Thompson-Le,Education,500+,FR,pro,2025-02-03
user_01824,barbarawelch@example.com,Hailey Ball,"Bell, Barry and Hopkins",Non-profit,201-500,CA,free,2025-01-28
user_01825,reneehernandez@example.org,Patricia Ramos,"Gilbert, English and Morrison",Finance,500+,GB,pro,2025-09-08
user_01826,aaroncox@example.com,Sandra Harrington,Casey and Sons,Non-profit,11-50,FR,pro,2025-04-09
user_01827,jeremysimmons@example.net,Andrew Sanders,Arnold Group,Healthcare,1-10,US,free,2025-04-23
user_01828,dixonpaul@example.com,Barbara Wagner,Gallegos and Sons,E-commerce,1-10,IN,free,2025-05-23
user_01829,ajohnson@example.com,James Gomez,"Walker, Estes and Byrd",Media,11-50,CA,free,2025-07-05
user_01830,janicestuart@example.com,Sarah Graham,"Gill, Ferguson and Scott",Healthcare,201-500,CA,pro,2025-03-09
user_01831,umendoza@example.com,Bonnie Clark,Hendrix and Sons,E-commerce,201-500,FR,free,2025-02-18
user_01832,stephaniegillespie@example.net,Brian Lawson,Osborn-Reed,Education,1-10,IN,enterprise,2025-01-06
user_01833,jenniferortega@example.net,Cathy Navarro,Sullivan-Bennett,Media,11-50,DE,pro,2025-05-04
user_01834,jason06@example.org,Madison Bowen,Jones Ltd,Media,11-50,BR,free,2025-05-12
user_01835,schmidtjoseph@example.net,Desiree Carey,Washington LLC,E-commerce,500+,US,pro,2025-11-11
user_01836,melissadodson@example.org,Erica Smith,"Jones, Hampton and Thompson",Marketing Agency,11-50,US,free,2025-05-10
user_01837,hicksjustin@example.com,Ronald Wells,Hughes-Edwards,E-commerce,51-200,GB,pro,2025-03-21
user_01838,krystal05@example.com,Benjamin Thompson,"Keller, Richardson and Patterson",Finance,11-50,AU,pro,2025-05-22
user_01839,charles95@example.com,Alan Mahoney,Johnston Group,Education,500+,GB,pro,
user_01840,brittanyhayes@example.com,Cody Woods,Shepherd Inc,Healthcare,1-10,CA,free,2025-06-20
user_01841,gary20@example.org,Marissa Davis,"Stanley, Hernandez and Jones",E-commerce,201-500,AU,free,2025-04-11
user_01842,ashleywalton@example.com,Lisa Ford,"Holland, Sullivan and Knight",Media,51-200,DE,free,2025-04-15
user_01843,klewis@example.com,John Miller DDS,Anderson Ltd,SaaS,51-200,CA,free,
user_01844,bleonard@example.com,Melissa Maynard,"Howell, Wong and Fisher",Non-profit,201-500,US,enterprise,2025-02-16
user_01845,maryboyle@example.net,Stephanie Wolfe,Harris-Morrison,Non-profit,1-10,US,pro,2025-01-22
user_01846,mmurphy@example.org,Megan Floyd,"Rogers, Hall and Thomas",Marketing Agency,11-50,AU,free,2025-02-20
user_01847,davidjones@example.org,Katelyn Gray,Hart-Bryant,Marketing Agency,11-50,IN,free,2025-05-23
user_01848,timothy00@example.org,Justin Foster,Gardner-Farmer,Marketing Agency,51-200,CA,enterprise,2025-04-20
user_01849,kmorales@example.com,Tammy Dyer,Barnes and Sons,E-commerce,500+,IN,pro,2025-08-21
user_01850,bzamora@example.net,Dawn Rivera MD,Gomez Ltd,E-commerce,1-10,IN,pro,2025-04-16
user_01851,thomasjohnson@example.net,Dominic Simmons,Mccarty Group,Finance,51-200,AU,free,2025-05-07
user_01852,rodriguezcynthia@example.net,Keith James,Harris-Neal,Media,500+,BR,free,2025-01-11
user_01853,lball@example.com,Christopher Martin,Craig-Simmons,Finance,1-10,BR,free,2025-05-24
user_01854,vanessacastaneda@example.net,Joseph Horn,"Hines, Carr and Bailey",Healthcare,500+,GB,free,2025-09-28
user_01855,robert63@example.com,Nicole Baxter,Mcgee-Parker,Education,51-200,AU,enterprise,
user_01856,kristen49@example.org,Timothy Chapman,"Sanchez, Thornton and Hodge",E-commerce,500+,US,free,2025-01-12
user_01857,beth43@example.net,Sherri Baker,"Blake, Copeland and Lyons",Marketing Agency,1-10,AU,pro,2025-05-26
user_01858,dustinwilliams@example.com,Bethany Sharp,"Mcconnell, Mcneil and Caldwell",Finance,11-50,DE,free,2025-01-30
user_01859,cory21@example.org,Dr. Jill Brown MD,Gill-Mendoza,Media,51-200,GB,pro,2025-03-09
user_01860,rachel85@example.org,Michael Gutierrez,Kennedy-Richards,E-commerce,1-10,DE,pro,2025-04-03
user_01861,benjaminsmith@example.com,Jeffrey Torres,Hernandez PLC,Education,11-50,IN,pro,2025-03-21
user_01862,ashleymorrow@example.org,Shelly Rodriguez,Harris Group,Non-profit,11-50,DE,pro,2025-05-23
user_01863,michele58@example.net,Cheryl Aguilar,"Byrd, Ruiz and Smith",Marketing Agency,51-200,BR,pro,2025-04-16
user_01864,farellano@example.net,Terry Green,Tran-Lopez,E-commerce,11-50,GB,pro,2025-08-30
user_01865,randy31@example.org,Joshua Watson,Phillips and Sons,Media,1-10,FR,free,2025-07-22
user_01866,mariamoore@example.net,Amanda Wright,Ellis-White,Media,201-500,IN,free,2025-11-03
user_01867,gclark@example.org,Matthew Klein,Gordon-Steele,Marketing Agency,51-200,DE,pro,2025-01-09
user_01868,iharrington@example.org,Rick Hinton,"Edwards, Zimmerman and Thomas",E-commerce,1-10,DE,enterprise,2025-02-28
user_01869,patrick90@example.org,Martha Lucas,Kim-Mitchell,Healthcare,201-500,IN,pro,2025-05-30
user_01870,cbaker@example.com,Fernando Moore,"Bauer, Davenport and Valentine",Healthcare,500+,US,free,2025-02-09
user_01871,fernandohansen@example.com,George West,Blair-Molina,Education,1-10,FR,pro,2025-01-07
user_01872,jamesanderson@example.org,Cynthia Taylor,Rivera PLC,Media,1-10,FR,free,2025-12-19
user_01873,lewisnatalie@example.org,Craig Ortiz,Jones-Schwartz,Healthcare,1-10,CA,free,2025-08-30
user_01874,xlogan@example.org,Jeffery Parsons,"Bishop, Potter and Edwards",Non-profit,500+,IN,enterprise,2025-05-21
user_01875,thompsondarlene@example.org,Todd Thompson,Navarro PLC,Non-profit,11-50,BR,pro,2025-05-20
user_01876,lisa23@example.org,Mitchell Sampson,Williams PLC,Marketing Agency,51-200,DE,free,2025-02-16
user_01877,stephen90@example.org,Christopher Martin,Carter LLC,Non-profit,51-200,BR,pro,2025-02-18
user_01878,gonzalesnatasha@example.com,Deanna Ware,Blair-Mullen,Non-profit,500+,US,free,2025-02-23
user_01879,smay@example.com,David Rodriguez,"Walls, White and Baker",Non-profit,11-50,IN,pro,2025-04-21
user_01880,iward@example.org,Tami Moore,"Harrison, Hernandez and Wagner",Marketing Agency,51-200,IN,free,2025-03-27
user_01881,WHITELEVI@EXAMPLE.ORG,Lauren Watts,Long-Ferguson,Marketing Agency,500+,CA,free,2025-04-19
user_01882,robin23@example.com,Cody Berry,Bauer Inc,E-commerce,201-500,GB,pro,2025-04-29
user_01883,christopherkrause@example.org,Tracy Williams,"Reed, Barker and Perry",Finance,11-50,AU,free,2025-02-23
user_01884,caldwellpatricia@example.org,Anthony Holloway,Steele-Yates,Marketing Agency,11-50,CA,enterprise,2025-01-29
user_01885,carmengomez@example.net,Lisa Benson,George Ltd,Finance,500+,FR,pro,2025-02-05
user_01886,snydergerald@example.org,Theresa Goodman,Robinson Group,Non-profit,51-200,US,free,2025-05-20
user_01887,frankward@example.com,Brian Thompson,"Flores, Cochran and Garza",Marketing Agency,500+,AU,pro,2025-03-10
user_01888,mhorn@example.org,April Ryan,Harris LLC,E-commerce,500+,CA,pro,2025-01-16
user_01889,kevin04@example.net,Kathryn Greene,Smith-Marshall,Healthcare,1-10,BR,pro,2025-03-05
user_01890,alexbrooks@example.net,Jordan Bailey,"Miranda, Edwards and French",Education,51-200,BR,free,2025-02-25
user_01891,ncrawford@example.net,Jennifer Walters,Moore PLC,Non-profit,500+,US,pro,2025-05-26
user_01892,robert42@example.com,Kara Norton,Barr PLC,SaaS,500+,US,free,2025-01-09
user_01893,andresmiller@example.com,Bradley Pacheco,Johnson LLC,Education,11-50,BR,enterprise,2025-02-11
user_01894,edwardmitchell@example.org,Sean Hickman,Robinson-Hernandez,SaaS,201-500,CA,pro,2025-01-13
user_01895,leslie96@example.org,Joel Cortez,Brewer and Sons,Healthcare,500+,CA,enterprise,2025-12-30
user_01896,elizabeth20@example.com,George Green,"Johnson, Barnett and Morgan",Finance,500+,IN,pro,2025-07-24
user_01897,jamierodriguez@example.net,Sarah Williams,"Ferguson, Rosales and Bush",Non-profit,11-50,FR,enterprise,2025-02-07
user_01898,calebday@example.org,Anna Poole,Watson LLC,Media,201-500,FR,enterprise,2025-05-30
user_01899,dawsonamanda@example.com,Kimberly Esparza,English-Garcia,Finance,201-500,FR,pro,2025-02-14
user_01900,schmidtjose@example.net,Eric Torres,Hood Ltd,Education,201-500,AU,pro,2025-04-19
user_01901,williamspaul@example.net,Suzanne Jimenez,"Warren, Sanchez and Edwards",SaaS,500+,AU,free,2025-03-23
user_01902,kimberly66@example.com,Jennifer Collins,"Wilson, Graham and Anderson",SaaS,500+,DE,pro,2025-06-08
user_01903,donna19@example.org,Jessica Thomas,Lee Inc,E-commerce,201-500,BR,free,2025-05-13
user_01904,hannah04@example.org,Kim Flynn,Campbell Group,Media,11-50,IN,pro,2025-01-29
user_01905,davismichelle@example.com,Philip Chapman,"Davila, Ramirez and Vazquez",Finance,1-10,GB,free,2025-01-24
user_01906,PEARSONWILLIE@EXAMPLE.ORG,Joshua Brown,Henderson-Smith,SaaS,1-10,GB,free,2025-11-20
user_01907,jasminbrown@example.com,Nicole Ryan,Stephens and Sons,Healthcare,51-200,GB,enterprise,2025-04-13
user_01908,smithcrystal@example.com,Debra Mercado,Pierce Inc,Non-profit,1-10,FR,free,2025-04-19
user_01909,angela26@example.net,Richard Saunders,Brown Group,E-commerce,1-10,CA,free,2025-12-15
user_01910,dmartin@example.com,Shannon Thompson,"Haney, Clark and Wiggins",Healthcare,201-500,BR,enterprise,2025-05-18
user_01911,nnunez@example.org,Jennifer Burgess,"Rogers, Wilson and Welch",SaaS,500+,CA,pro,2025-04-03
user_01912,dthompson@example.org,Juan Sanford,Smith Inc,Education,201-500,BR,pro,2025-01-02
user_01913,ericwagner@example.org,Darius Lynch,Nunez PLC,Non-profit,1-10,AU,pro,2025-02-04
user_01914,michaellopez@example.net,Savannah Rice,Erickson-Duran,Healthcare,51-200,FR,free,2025-03-08
user_01915,sullivanpaula@example.com,Matthew Henderson,"Cummings, Petersen and Jackson",SaaS,1-10,AU,free,2025-05-28
user_01916,chaselisa@example.org,Lisa Mcdonald,Huber-Wilson,Education,1-10,FR,pro,2025-02-24
user_01917,gomezbrittney@example.net,Maria Weaver,Bell-Jimenez,Finance,201-500,AU,free,2025-01-24
user_01918,ewinglynn@example.org,Jamie Dominguez,Ferguson-Gallagher,Non-profit,500+,CA,enterprise,2025-04-23
user_01919,bailey12@example.com,Eric Hunter,"Vance, Martin and Nguyen",E-commerce,11-50,GB,free,2025-09-16
user_01920,emily07@example.net,Chad Hensley,Wallace Ltd,Media,1-10,IN,enterprise,2025-01-08
user_01921,nthomas@example.com,William Torres,Andrews-Sanders,Non-profit,500+,BR,free,2025-01-11
user_01922,hartangela@example.net,Michael Jimenez,"Bell, Williamson and Duncan",Finance,51-200,CA,free,2025-07-22
user_01923,ghill@example.org,Rebecca Boone,Jenkins and Sons,Finance,201-500,IN,enterprise,2025-12-23
user_01924,mary85@example.org,Kevin Stokes,Osborn LLC,E-commerce,51-200,CA,enterprise,2025-01-27
user_01925,bakerleslie@example.net,Mark Drake,Murphy and Sons,Education,11-50,FR,pro,2025-03-28
user_01926,houstonvalerie@example.org,Tyrone Williams,Roberts-Guzman,E-commerce,51-200,US,pro,2025-05-03
user_01927,smithamy@example.com,Dawn Meyer,Smith PLC,Education,11-50,US,pro,
user_01928,NANCYBALLARD@EXAMPLE.COM,Mr. Joshua Young,"Doyle, Green and Bond",SaaS,500+,BR,free,2025-09-01
user_01929,tranrobert@example.org,Timothy West,Herman-Williams,Non-profit,201-500,GB,pro,2025-03-27
user_01930,brandoncooper@example.com,Jennifer Vargas,"Kelly, Harris and Pruitt",Non-profit,11-50,AU,pro,2025-02-06
user_01931,paul18@example.com,Cheryl Gonzales,"Ortega, Merritt and Phillips",Media,1-10,BR,enterprise,2025-01-18
user_01932,ghudson@example.com,Susan Valdez,,SaaS,1-10,BR,pro,2025-04-19
user_01933,johnsoncrystal@example.org,Stephen Martinez,Nelson LLC,Media,51-200,IN,free,2025-04-30
user_01934,stephanie42@example.net,Amanda Webb,"Cooper, Henderson and Barrera",Media,51-200,IN,enterprise,
user_01935,xcardenas@example.org,Andrew Thomas,Wilson LLC,Education,500+,IN,free,2025-05-03
user_01936,ibrennan@example.com,Patricia Lopez,Martinez Inc,Non-profit,201-500,IN,free,2025-02-12
user_01937,joe47@example.org,Eric Lester,Weaver-Cohen,SaaS,201-500,FR,free,2025-05-09
user_01938,nathan39@example.com,Brent Holloway,Ferguson LLC,SaaS,201-500,IN,pro,2025-03-09
user_01939,burnschristopher@example.org,Nicholas Robinson,Miles PLC,Non-profit,51-200,AU,free,2025-05-14
user_01940,smithjohn@example.org,Theresa Arias,Noble Group,Education,51-200,FR,free,2025-11-01
user_01941,sandrabowman@example.net,Kathleen Coleman,Herrera-Gardner,Non-profit,1-10,DE,free,2025-03-27
user_01942,christinapeters@example.net,Kristen Jackson,"Barnett, Jackson and Skinner",Marketing Agency,51-200,IN,free,2025-02-12
user_01943,jenniferedwards@example.com,Jonathan Burns,"Miller, Jones and Rogers",Media,1-10,FR,enterprise,2025-04-22
user_01944,ricedana@example.com,Brandon West,Adams-Hall,Marketing Agency,201-500,CA,free,2025-04-15
user_01945,danielle52@example.com,Joseph Paul,"Phillips, Whitaker and Anthony",E-commerce,1-10,AU,enterprise,2025-05-10
user_01946,kellykevin@example.net,David Boone,"Harris, Cook and Freeman",Healthcare,11-50,DE,enterprise,2025-02-08
user_01947,walkerdavid@example.org,Shane Jones,Allen Ltd,Healthcare,11-50,AU,free,2025-12-20
user_01948,ronaldjohnson@example.com,Stacy Burnett,"Jones, Bauer and Castillo",E-commerce,500+,BR,enterprise,2025-01-15
user_01949,sgonzalez@example.net,Eugene Brown,Martinez Ltd,Non-profit,1-10,AU,free,2025-01-17
user_01950,ricky35@example.net,Robert Mueller,Garcia PLC,Non-profit,1-10,BR,free,2025-05-14
user_01951,kellygina@example.org,Sean Crawford,"Mendoza, Newton and Mahoney",Non-profit,1-10,CA,enterprise,2025-01-26
user_01952,echapman@example.com,Robert Taylor,"Johnston, Oneal and Soto",Healthcare,1-10,US,pro,2025-05-21
user_01953,vgreen@example.org,Laura Tyler,"Johnson, Williams and Larson",SaaS,1-10,BR,pro,2025-07-30
user_01954,timothy90@example.net,Sandra Sutton,Martin-Padilla,Education,201-500,US,enterprise,2025-04-28
user_01955,salvarado@example.com,Edward Hill,"Frank, Evans and Potter",Non-profit,500+,IN,free,2025-03-31
user_01956,caguilar@example.org,Sherri Colon,Murphy-Mckinney,Healthcare,500+,DE,free,2025-03-25
user_01957,karen28@example.net,Kevin White,Alexander PLC,Media,201-500,US,pro,2025-05-17
user_01958,msimon@example.net,Sarah Roberson,Evans PLC,Education,500+,CA,free,2025-10-10
user_01959,daniellesolomon@example.com,Julia Howe,"Rice, Moon and Baker",Healthcare,11-50,IN,enterprise,2025-04-23
user_01960,lisa43@example.com,Shane Mills MD,"Garcia, White and Robinson",Non-profit,51-200,GB,free,2025-04-20
user_01961,clarkwesley@example.com,Ashley Miller,Lynch Group,SaaS,11-50,IN,free,2025-02-02
user_01962,hillsabrina@example.net,Roberto Rojas,"Douglas, Delacruz and Anthony",Finance,500+,AU,free,2025-01-17
user_01963,marthagriffin@example.net,Ethan Castro,Middleton-Richards,Non-profit,51-200,GB,free,2025-04-06
user_01964,madelinebrooks@example.net,Emily Wagner,Webster Group,Healthcare,1-10,DE,pro,2025-05-14
user_01965,mackelizabeth@example.org,James Reese,Martinez and Sons,Finance,500+,IN,pro,2025-05-27
user_01966,smithsusan@example.net,Kenneth Wells,Lucas LLC,Finance,201-500,CA,free,2025-05-07
user_01967,david60@example.net,Joseph Mckenzie,Foley Ltd,Healthcare,11-50,US,pro,2025-06-15
user_01968,williamsmark@example.org,Miguel Clark,Bullock Ltd,Media,201-500,CA,free,2025-05-26
user_01969,wharris@example.com,Jeremiah Robinson,Hicks-Greene,Finance,11-50,BR,pro,2025-03-24
user_01970,jasonallen@example.net,Adam Cook,Cantrell-Bray,Non-profit,51-200,FR,free,2025-02-27
user_01971,odavis@example.com,David Curtis,Hoover-Allen,SaaS,11-50,DE,pro,2025-03-14
user_01972,wcarroll@example.com,Ashley James,Long Ltd,Education,500+,DE,enterprise,2025-02-09
user_01973,kellermary@example.org,Christopher Johnson,Stephens Group,SaaS,11-50,IN,enterprise,2025-02-10
user_01974,vortiz@example.org,Joseph Gray,Scott-Montoya,Finance,1-10,US,free,2025-03-22
user_01975,gjones@example.net,Mrs. Tiffany Walters MD,"Brennan, Walters and Evans",E-commerce,500+,IN,free,2025-02-06
user_01976,brad51@example.org,Justin Smith,Baird-Smith,SaaS,1-10,FR,pro,2025-01-12
user_01977,tommyclark@example.org,Katrina Garcia,"Green, Nelson and Wilson",Marketing Agency,11-50,DE,free,2025-02-13
user_01978,brittanybauer@example.org,Laura Williams,,Non-profit,51-200,BR,pro,2025-03-24
user_01979,hudsonglen@example.net,Diana Austin,Hubbard-Pitts,Media,1-10,GB,pro,2025-08-06
user_01980,daniel35@example.net,Jody Singleton,Chavez and Sons,Non-profit,500+,CA,free,2025-02-12
user_01981,mayroger@example.net,Victoria Mccormick,Combs-Hoover,Healthcare,51-200,DE,pro,2025-04-12
user_01982,harrisstacey@example.net,Kelly Brown,Harris-Harrison,Finance,11-50,GB,enterprise,2025-10-14
user_01983,suzanne33@example.org,Philip Cole,Davis-Love,E-commerce,500+,GB,enterprise,2025-02-15
user_01984,deandaniel@example.com,Roger Marks,Lopez and Sons,Education,1-10,US,enterprise,2025-04-03
user_01985,qanderson@example.org,Tammy Jones,Huffman and Sons,Finance,51-200,DE,free,2025-03-27
user_01986,carrjennifer@example.com,Cesar Adams,Jones-Brown,Healthcare,201-500,BR,free,2025-01-23
user_01987,tnorris@example.com,Daniel Nelson,Larsen Ltd,Education,500+,CA,free,2025-05-18
user_01988,browntimothy@example.net,Troy Mclean,Christensen PLC,SaaS,51-200,GB,free,2025-11-24
user_01989,ujohnson@example.net,Brittany Price,Glenn-Andrews,Non-profit,1-10,BR,free,2025-08-06
user_01990,isaacbrooks@example.com,Rebecca Lopez,Baker Ltd,Education,201-500,FR,free,2025-02-04
user_01991,geraldgarcia@example.net,Amber Lee,Fox-Garcia,Media,201-500,FR,pro,2025-03-25
user_01992,elewis@example.org,James Benson,Brown and Sons,Media,201-500,FR,enterprise,2025-05-26
user_01993,johnsonmatthew@example.org,Robert Griffith,Duncan and Sons,Education,1-10,FR,pro,2025-01-02
user_01994,lmullen@example.org,John Jacobs,Brown Group,Non-profit,1-10,DE,enterprise,2025-07-15
user_01995,derrickmoses@example.net,Allison Murray,"Murray, Lopez and Osborne",Non-profit,51-200,US,free,2025-03-19
user_01996,fjackson@example.org,Robert Knight,"Hicks, Wilkerson and Rios",Finance,500+,IN,free,2025-11-16
user_01997,hthomas@example.org,Dawn Berg,"Ayala, Paul and Sparks",E-commerce,1-10,FR,pro,2025-04-02
user_01998,krodriguez@example.net,Tracey Wells,Gibson LLC,SaaS,11-50,CA,free,2025-05-19
user_01999,richardlucero@example.org,Olivia Carter,White and Sons,Marketing Agency,51-200,CA,free,2025-01-24
user_02000,wongalexis@example.com,Thomas Nelson,Thomas Ltd,Media,500+,US,enterprise,2025-04-18
